user_id	candidates
1	[1029743, 1126899, 1070820, 1106523, 974766]
2	[1029743, 1106523, 1070820, 1126899, 916122]
4	[1029743, 1106523, 1126899, 1070820, 916122]
6	[1029743, 1106523, 1126899, 1070820, 916122]
7	[1029743, 1106523, 1126899, 1070820, 1004906]
8	[1029743, 1106523, 1070820, 1126899, 5569230]
9	[1029743, 1070820, 1106523, 1126899, 936830]
13	[1029743, 1106523, 1126899, 1070820, 5569230]
14	[1029743, 1106523, 1126899, 1070820, 916122]
15	[1029743, 1070820, 1106523, 1126899, 916122]
16	[1029743, 1106523, 1126899, 1070820, 1004906]
17	[1029743, 1070820, 1106523, 1126899, 5569230]
18	[1029743, 1106523, 1070820, 1126899, 1004906]
19	[1029743, 1106523, 1126899, 5569230, 916122]
20	[1126899, 1029743, 1106523, 5569230, 916122]
21	[1029743, 1106523, 1126899, 1070820, 916122]
22	[1029743, 1070820, 1106523, 1126899, 1004906]
23	[1029743, 1106523, 1070820, 1126899, 916122]
24	[1029743, 1106523, 1126899, 1070820, 916122]
25	[1029743, 1106523, 1070820, 1126899, 1004906]
26	[1029743, 1106523, 1126899, 1070820, 916122]
27	[1029743, 1106523, 1126899, 1070820, 1004906]
28	[1029743, 1106523, 1070820, 1126899, 916122]
29	[1029743, 1106523, 1070820, 1126899, 916122]
30	[1029743, 1106523, 1126899, 1070820, 916122]
31	[1029743, 1126899, 1070820, 1106523, 1004906]
32	[1029743, 1070820, 1126899, 1106523, 916122]
33	[1106523, 1029743, 1126899, 1070820, 916122]
34	[1029743, 1126899, 1106523, 1070820, 916122]
35	[1029743, 1126899, 1106523, 1070820, 916122]
36	[1029743, 1106523, 1070820, 1126899, 5569230]
37	[1029743, 1106523, 1126899, 1070820, 1056212]
39	[1029743, 1126899, 1106523, 1070820, 1004906]
40	[1029743, 1106523, 1126899, 1070820, 1004906]
41	[1029743, 1126899, 1106523, 1070820, 5569230]
42	[1029743, 1070820, 1126899, 1106523, 916122]
44	[1029743, 1106523, 1070820, 1126899, 916122]
46	[1029743, 1106523, 1126899, 5569230, 916122]
47	[1029743, 1106523, 1070820, 1126899, 916122]
49	[1029743, 1070820, 1106523, 1126899, 5569230]
51	[1029743, 1106523, 1070820, 1126899, 916122]
52	[1029743, 1106523, 1070820, 1126899, 1004906]
53	[1029743, 1126899, 1070820, 1106523, 916122]
55	[1029743, 1106523, 1126899, 1070820, 916122]
56	[1029743, 1070820, 1106523, 1126899, 974766]
57	[1029743, 1106523, 1126899, 1070820, 1004906]
58	[1029743, 1106523, 1070820, 1126899, 1004906]
59	[1029743, 1106523, 1070820, 1126899, 916122]
64	[1029743, 1106523, 1070820, 1126899, 916122]
65	[1029743, 1070820, 1126899, 1106523, 916122]
66	[1029743, 1106523, 1126899, 1070820, 916122]
67	[1029743, 1070820, 1106523, 1126899, 5569230]
68	[1029743, 1106523, 1070820, 5569230, 916122]
69	[1029743, 1106523, 1126899, 1070820, 936830]
71	[1029743, 1106523, 1126899, 1070820, 1004906]
72	[1029743, 1106523, 1070820, 1126899, 936830]
74	[1029743, 1106523, 1126899, 1070820, 1126045]
76	[1029743, 1126899, 1070820, 1106523, 916122]
77	[1029743, 1106523, 1126899, 1070820, 1004906]
78	[1029743, 1106523, 1126899, 1070820, 916122]
79	[1029743, 1070820, 1126899, 1106523, 916122]
80	[1029743, 1106523, 1126899, 1070820, 1004906]
81	[1029743, 1106523, 1070820, 1126899, 1065979]
82	[1029743, 1106523, 1070820, 1126899, 916122]
83	[1029743, 1106523, 1070820, 1126899, 916122]
84	[1029743, 1106523, 1126899, 1070820, 936830]
85	[1029743, 1106523, 1070820, 1126899, 1004906]
86	[1029743, 1106523, 1126899, 1070820, 916122]
87	[1029743, 1070820, 1106523, 1126899, 916122]
88	[1029743, 1106523, 1126899, 1070820, 916122]
91	[1029743, 1106523, 1070820, 1126899, 1063739]
92	[1029743, 1126899, 1106523, 1070820, 916122]
94	[1029743, 1106523, 1126899, 1070820, 936830]
95	[1029743, 1106523, 1126899, 1070820, 5569230]
97	[1029743, 1106523, 1070820, 1126899, 1004906]
98	[1029743, 1106523, 1126899, 1070820, 1004906]
99	[1029743, 1106523, 1126899, 5569230, 916122]
100	[1029743, 1106523, 1070820, 1126899, 936830]
101	[1029743, 1106523, 1126899, 1070820, 5569230]
103	[1029743, 1106523, 1126899, 5569230, 916122]
104	[1029743, 1106523, 1126899, 1070820, 1004906]
105	[1029743, 1106523, 1070820, 1126899, 1004906]
106	[1029743, 1070820, 1106523, 1126899, 936830]
107	[1029743, 1106523, 1126899, 1070820, 1028891]
108	[1029743, 1106523, 1126899, 1070820, 916122]
109	[1029743, 1126899, 1106523, 1070820, 1004906]
110	[1029743, 1106523, 1070820, 1126899, 1004906]
111	[1029743, 1106523, 1126899, 1070820, 916122]
112	[1029743, 1070820, 1126899, 1106523, 1022066]
113	[1029743, 1070820, 1106523, 5569230, 916122]
114	[1029743, 1106523, 1070820, 1126899, 5569230]
115	[1029743, 1106523, 1126899, 1070820, 1056212]
116	[1029743, 1126899, 1106523, 1070820, 916122]
117	[1029743, 1106523, 1126899, 1070820, 916122]
118	[1029743, 1106523, 1126899, 1070820, 1004906]
119	[1029743, 1106523, 1070820, 1126899, 1004906]
122	[1029743, 1106523, 1126899, 1070820, 916122]
123	[1029743, 1126899, 1106523, 1070820, 1004906]
124	[1029743, 1106523, 1126899, 1070820, 916122]
125	[1029743, 1106523, 1126899, 1070820, 5569230]
126	[1029743, 1106523, 1126899, 1070820, 916122]
127	[1029743, 1106523, 1126899, 1070820, 1004906]
128	[1029743, 1106523, 1070820, 1126899, 916122]
129	[1029743, 1106523, 1126899, 1070820, 1021519]
131	[1029743, 1106523, 1070820, 1126899, 1004906]
132	[1029743, 1106523, 1126899, 1070820, 916122]
133	[1029743, 1070820, 1106523, 1126899, 1004906]
134	[1029743, 1106523, 1070820, 1126899, 1126045]
135	[1029743, 1106523, 1070820, 1126899, 916122]
136	[1029743, 1106523, 1126899, 1070820, 1004906]
137	[1029743, 1126899, 1070820, 1106523, 7409622]
138	[1029743, 1070820, 1106523, 1126899, 1021519]
139	[1029743, 1126899, 1106523, 1070820, 1004906]
140	[1029743, 1106523, 1126899, 1070820, 916122]
142	[1029743, 1106523, 1126899, 1070820, 916122]
143	[1029743, 1106523, 1126899, 1070820, 916122]
144	[1029743, 1106523, 1126899, 1070820, 916122]
145	[1029743, 1106523, 1126899, 1070820, 916122]
146	[1029743, 1106523, 1070820, 1126899, 916122]
147	[1029743, 1106523, 1070820, 1126899, 916122]
148	[1029743, 1126899, 1106523, 1070820, 916122]
149	[1029743, 1106523, 1126899, 1070820, 1004906]
150	[1029743, 1106523, 1126899, 1070820, 916122]
151	[1029743, 1106523, 1126899, 1070820, 916122]
152	[1029743, 1070820, 1126899, 1106523, 916122]
153	[1029743, 1106523, 1070820, 1126899, 916122]
155	[1029743, 1106523, 1126899, 1070820, 908314]
156	[1029743, 1106523, 1070820, 1126899, 916122]
157	[1029743, 1126899, 1070820, 1106523, 8203834]
158	[1029743, 1070820, 1106523, 1126899, 1004906]
159	[1029743, 1106523, 1070820, 1126899, 1004906]
160	[1029743, 1070820, 1106523, 1126899, 916122]
161	[1029743, 1106523, 1126899, 1070820, 935527]
162	[1029743, 1070820, 1106523, 1126899, 916122]
164	[1029743, 1106523, 1070820, 1126899, 1004906]
165	[1029743, 1070820, 1106523, 1126899, 916122]
166	[1029743, 1106523, 5569230, 916122, 844179]
167	[1029743, 1126899, 1106523, 1070820, 916122]
169	[1029743, 1106523, 1126899, 1070820, 916122]
170	[1029743, 1126899, 1106523, 1070820, 1004906]
171	[1029743, 1106523, 1126899, 1070820, 916122]
172	[1029743, 1106523, 1070820, 1126899, 916122]
175	[1029743, 1106523, 1126899, 1070820, 916122]
176	[1029743, 1106523, 1126899, 1070820, 916122]
178	[1029743, 1106523, 1070820, 1126899, 1004906]
180	[1029743, 1106523, 1070820, 1126899, 916122]
182	[1029743, 1106523, 1070820, 1126899, 916122]
183	[1106523, 1029743, 1070820, 1126899, 916122]
184	[1029743, 1106523, 1070820, 1126899, 1004906]
185	[1029743, 1106523, 1070820, 1126899, 916122]
187	[1029743, 1106523, 1070820, 1126899, 1021519]
189	[1029743, 1106523, 1126899, 1070820, 916122]
190	[1029743, 1126899, 1106523, 1070820, 916122]
192	[1029743, 1106523, 1126899, 1070820, 5569230]
193	[1029743, 1106523, 1126899, 1070820, 5569230]
194	[1029743, 1106523, 1070820, 1126899, 916122]
195	[1029743, 1106523, 1070820, 1126899, 7409622]
196	[1029743, 1106523, 1126899, 1070820, 916122]
197	[1126899, 1029743, 1106523, 5569230, 916122]
198	[1029743, 1106523, 1126899, 1070820, 5569230]
199	[1029743, 1106523, 1126899, 1070820, 916122]
200	[1029743, 1106523, 1070820, 1126899, 916122]
201	[1029743, 1106523, 1126899, 1070820, 1004906]
202	[1029743, 1106523, 1070820, 1126899, 916122]
203	[1029743, 1070820, 1106523, 1126899, 916122]
204	[1029743, 1070820, 1106523, 1126899, 1021519]
205	[1106523, 1029743, 1126899, 1070820, 916122]
207	[1029743, 1106523, 1126899, 1070820, 1028891]
208	[1029743, 1070820, 1106523, 1126899, 1004906]
209	[1029743, 1106523, 1126899, 1070820, 1004906]
210	[1029743, 1106523, 1126899, 1070820, 916122]
211	[1029743, 1070820, 1106523, 1126899, 894439]
212	[1029743, 1106523, 1126899, 1070820, 1004906]
214	[1029743, 1070820, 1106523, 1126899, 916122]
215	[1029743, 1070820, 1106523, 1126899, 916122]
216	[1029743, 1070820, 1106523, 1126899, 1004906]
217	[1029743, 1106523, 1126899, 1070820, 936830]
218	[1029743, 1106523, 1070820, 1126899, 5569230]
219	[1029743, 1126899, 1106523, 1070820, 916122]
220	[1029743, 1106523, 1126899, 1070820, 1004906]
221	[1029743, 1106523, 1070820, 1126899, 916122]
222	[1029743, 1106523, 1126899, 1070820, 1004906]
223	[1029743, 1106523, 1070820, 1126899, 916122]
224	[1029743, 1106523, 1126899, 1070820, 916122]
225	[1029743, 1106523, 1126899, 1070820, 916122]
227	[1029743, 1126899, 1106523, 1070820, 916122]
228	[1029743, 1126899, 1106523, 1070820, 916122]
229	[1029743, 1070820, 1126899, 1106523, 916122]
230	[1029743, 1106523, 1070820, 1126899, 1004906]
232	[1029743, 1106523, 1070820, 1126899, 1004906]
233	[1029743, 1106523, 1126899, 1070820, 916122]
235	[1029743, 1070820, 1106523, 5569230, 916122]
236	[1029743, 1126899, 1070820, 1106523, 916122]
238	[1029743, 1106523, 1126899, 1070820, 916122]
239	[1029743, 1106523, 1126899, 1070820, 1004906]
241	[1029743, 1070820, 1106523, 1126899, 916122]
242	[1029743, 1106523, 1070820, 1126899, 1004906]
243	[1029743, 1126899, 1070820, 1106523, 5569230]
245	[1029743, 1106523, 1070820, 1126899, 916122]
246	[1029743, 1070820, 1106523, 1126899, 916122]
247	[1029743, 1106523, 1070820, 1126899, 916122]
248	[1029743, 1126899, 1106523, 1070820, 1004906]
249	[1029743, 1106523, 1070820, 5569230, 916122]
250	[1029743, 1106523, 1126899, 1070820, 5569230]
251	[1029743, 1070820, 1106523, 1126899, 916122]
253	[1029743, 1106523, 1070820, 1126899, 1004906]
254	[1029743, 1106523, 1126899, 1070820, 916122]
256	[1029743, 1106523, 1070820, 1126899, 1004906]
257	[1029743, 1106523, 1070820, 1126899, 5569230]
258	[1029743, 1070820, 1106523, 1126899, 916122]
259	[1029743, 1106523, 1126899, 1070820, 936830]
260	[1029743, 1070820, 1106523, 1126899, 916122]
262	[1029743, 1106523, 1126899, 1070820, 936830]
263	[1029743, 1106523, 5569230, 916122, 844179]
264	[1029743, 1106523, 1070820, 1126899, 1004906]
265	[1029743, 1106523, 1070820, 1126899, 916122]
266	[1126899, 1029743, 1070820, 1106523, 916122]
267	[1106523, 1029743, 1126899, 1070820, 916122]
268	[1029743, 1106523, 1126899, 1070820, 1021519]
269	[1029743, 1106523, 1070820, 1126899, 1028891]
270	[1029743, 1106523, 1126899, 1070820, 1028891]
271	[1029743, 1106523, 1126899, 1070820, 916122]
273	[1029743, 1106523, 1126899, 1070820, 916122]
274	[1029743, 1106523, 1126899, 1070820, 916122]
275	[1106523, 1029743, 1126899, 5569230, 916122]
276	[1029743, 1106523, 1126899, 1070820, 1004906]
277	[1029743, 1106523, 1126899, 1070820, 916122]
278	[1029743, 1106523, 1126899, 1070820, 916122]
279	[1029743, 1106523, 1126899, 1070820, 916122]
280	[1029743, 1106523, 1070820, 1126899, 5569230]
281	[1029743, 1070820, 1106523, 1126899, 1004906]
282	[1029743, 1126899, 1070820, 1106523, 1004906]
283	[1029743, 1070820, 1106523, 1126899, 1004906]
285	[1029743, 1106523, 1126899, 1070820, 916122]
286	[1029743, 1106523, 1070820, 1126899, 1056212]
287	[1029743, 1106523, 1070820, 1126899, 916122]
288	[1029743, 1070820, 1106523, 1126899, 916122]
289	[1029743, 1126899, 1106523, 1070820, 1004906]
290	[1029743, 1106523, 1126899, 1070820, 1004906]
291	[1029743, 1106523, 1070820, 1126899, 916122]
292	[1029743, 1106523, 1126899, 1070820, 916122]
293	[1029743, 1106523, 1070820, 1126899, 916122]
294	[1029743, 1106523, 1070820, 1126899, 5569230]
297	[1029743, 1106523, 1126899, 1070820, 916122]
300	[1029743, 1106523, 1070820, 1126899, 974766]
301	[1029743, 1106523, 1126899, 1070820, 1004906]
302	[1029743, 1106523, 1126899, 1070820, 1004906]
303	[1029743, 1106523, 1070820, 1126899, 1021519]
304	[1029743, 1106523, 1070820, 1126899, 1004906]
305	[1029743, 1106523, 1070820, 1126899, 916122]
306	[1029743, 1106523, 1070820, 1126899, 1138443]
307	[1029743, 1106523, 1126899, 1070820, 916122]
308	[1029743, 1106523, 1070820, 1126899, 936830]
309	[1029743, 1106523, 1070820, 1126899, 1004906]
311	[1029743, 1106523, 1070820, 1126899, 916122]
312	[1029743, 1070820, 1106523, 1126899, 936830]
314	[1029743, 1106523, 1126899, 1070820, 1004906]
315	[1029743, 1106523, 1126899, 1070820, 916122]
316	[1029743, 1106523, 1126899, 1070820, 916122]
317	[1029743, 1106523, 1126899, 1070820, 1004906]
318	[1029743, 1106523, 1126899, 1070820, 916122]
319	[1029743, 1106523, 1126899, 1070820, 1004906]
320	[1029743, 1126899, 1106523, 1070820, 916122]
321	[1029743, 1126899, 1106523, 1070820, 1004906]
322	[1029743, 1070820, 1106523, 1126899, 916122]
324	[1029743, 1070820, 1126899, 1106523, 1004906]
325	[1029743, 1126899, 1106523, 1070820, 1004906]
326	[1029743, 1106523, 1126899, 1070820, 916122]
328	[1029743, 1070820, 1106523, 1126899, 936830]
329	[1029743, 1126899, 1106523, 1070820, 1004906]
330	[1029743, 1106523, 1126899, 1070820, 916122]
331	[1029743, 1106523, 1070820, 1126899, 916122]
332	[1029743, 1070820, 1106523, 1126899, 1004906]
334	[1029743, 1106523, 1070820, 1126899, 1004906]
335	[1029743, 1106523, 1070820, 1126899, 916122]
336	[1106523, 1029743, 1070820, 1126899, 916122]
337	[1029743, 1106523, 1126899, 1070820, 916122]
338	[1029743, 1106523, 1126899, 1070820, 916122]
342	[1029743, 1106523, 1070820, 1126899, 916122]
344	[1029743, 1106523, 1126899, 1070820, 916122]
345	[1029743, 1106523, 1126899, 1070820, 5569230]
346	[1029743, 1106523, 1126899, 5569230, 916122]
348	[1029743, 1106523, 1126899, 1070820, 5569230]
349	[1126899, 1029743, 1106523, 1070820, 916122]
350	[1029743, 1106523, 1126899, 1070820, 1095227]
351	[1029743, 1106523, 1070820, 1126899, 1004906]
353	[1029743, 1106523, 1126899, 1070820, 1004906]
354	[1029743, 1106523, 1126899, 1070820, 1004906]
356	[1029743, 1106523, 1126899, 1070820, 916122]
357	[1029743, 1126899, 1106523, 1070820, 916122]
358	[1029743, 1106523, 5569230, 916122, 844179]
360	[1029743, 1126899, 1106523, 1070820, 916122]
361	[1029743, 1106523, 1070820, 1126899, 5569230]
362	[1029743, 1106523, 1070820, 1126899, 916122]
365	[1029743, 1106523, 1070820, 1126899, 1112825]
366	[1029743, 1106523, 1126899, 1070820, 1021519]
367	[1029743, 1070820, 1126899, 1106523, 916122]
368	[1029743, 1106523, 1126899, 1070820, 916122]
369	[1029743, 1106523, 1126899, 1070820, 916122]
371	[1029743, 1106523, 1070820, 1126899, 1004906]
374	[1029743, 1106523, 1070820, 1126899, 916122]
375	[1029743, 1070820, 1106523, 1126899, 916122]
376	[1029743, 1106523, 1070820, 1126899, 916122]
377	[1029743, 1126899, 1070820, 1106523, 5569230]
378	[1029743, 1070820, 1106523, 1126899, 974766]
380	[1029743, 1106523, 1070820, 1126899, 916122]
381	[1029743, 1106523, 1126899, 1070820, 1004906]
382	[1029743, 1106523, 1126899, 1070820, 916122]
383	[1126899, 1029743, 1106523, 5569230, 916122]
384	[1029743, 1126899, 1070820, 1106523, 916122]
385	[1029743, 1126899, 1106523, 1070820, 1004906]
386	[1029743, 1106523, 1126899, 1070820, 1004906]
387	[1029743, 1126899, 1070820, 1106523, 1004906]
388	[1029743, 1070820, 1106523, 1126899, 916122]
389	[1126899, 1029743, 1106523, 1070820, 5569230]
390	[1029743, 1106523, 1070820, 1126899, 1004906]
392	[1029743, 1106523, 1126899, 1070820, 1004906]
393	[1029743, 1106523, 1070820, 1126899, 5569230]
394	[1029743, 1106523, 1070820, 1126899, 916122]
395	[1029743, 1106523, 1070820, 1126899, 1004906]
396	[1029743, 1070820, 1126899, 1106523, 916122]
397	[1029743, 1126899, 1070820, 1106523, 916122]
398	[1029743, 1106523, 1070820, 1126899, 5569230]
400	[1029743, 1106523, 5569230, 916122, 844179]
401	[1029743, 1106523, 1126899, 1070820, 1044078]
402	[1029743, 1106523, 1126899, 1070820, 1021519]
403	[1029743, 1106523, 1126899, 1070820, 916122]
404	[1029743, 1126899, 1070820, 1106523, 1004906]
405	[1029743, 1106523, 1126899, 1070820, 916122]
406	[1029743, 1070820, 1106523, 1126899, 916122]
407	[1106523, 1029743, 1070820, 1126899, 916122]
408	[1029743, 1106523, 1070820, 1126899, 916122]
409	[1029743, 1070820, 1126899, 1106523, 5569230]
410	[1029743, 1106523, 1070820, 1126899, 12302069]
411	[1029743, 1106523, 1126899, 1070820, 1004906]
412	[1029743, 1106523, 1070820, 1126899, 945909]
413	[1106523, 1029743, 1070820, 5569230, 916122]
414	[1029743, 1106523, 1126899, 1070820, 916122]
415	[1029743, 1106523, 1126899, 1070820, 916122]
417	[1029743, 1106523, 1126899, 1070820, 1004906]
418	[1029743, 1106523, 1070820, 5569230, 916122]
419	[1029743, 1106523, 1070820, 1126899, 916122]
421	[1029743, 1070820, 1126899, 1106523, 916122]
422	[1029743, 1106523, 1070820, 1126899, 916122]
424	[1029743, 1106523, 1070820, 1126899, 936830]
425	[1029743, 1106523, 1070820, 1126899, 916122]
426	[1029743, 1070820, 1106523, 1126899, 1004906]
427	[1029743, 1106523, 1126899, 1070820, 916122]
428	[1029743, 1106523, 1126899, 1070820, 1126045]
429	[1029743, 1070820, 1106523, 1126899, 916122]
430	[1029743, 1106523, 1070820, 1126899, 916122]
431	[1029743, 1070820, 1106523, 1126899, 916122]
432	[1029743, 1106523, 1126899, 1070820, 1056212]
433	[1106523, 1029743, 1126899, 1070820, 916122]
434	[1029743, 1106523, 1070820, 1126899, 1004906]
435	[1029743, 1106523, 1126899, 1070820, 916122]
436	[1029743, 1106523, 1126899, 1070820, 916122]
437	[1029743, 1106523, 1126899, 1070820, 1004906]
438	[1029743, 1070820, 1126899, 1106523, 1004906]
439	[1029743, 1106523, 1126899, 1070820, 1063739]
441	[1029743, 1070820, 1126899, 1106523, 1004906]
442	[1029743, 1126899, 1106523, 1070820, 1004906]
443	[1029743, 1106523, 1070820, 1126899, 1004906]
445	[1029743, 1126899, 1070820, 1106523, 916122]
447	[1029743, 1106523, 1126899, 1070820, 916122]
448	[1029743, 1126899, 1106523, 1070820, 916122]
450	[1029743, 1106523, 1126899, 1070820, 1021519]
451	[1029743, 1106523, 1070820, 1126899, 1004906]
454	[1029743, 1106523, 1070820, 1126899, 5569230]
456	[1029743, 1106523, 1070820, 1126899, 916122]
457	[1029743, 1106523, 1126899, 1070820, 916122]
458	[1029743, 1126899, 1106523, 1070820, 892573]
459	[1029743, 1106523, 1070820, 1126899, 916122]
460	[1029743, 1106523, 1126899, 1070820, 916122]
461	[1029743, 1106523, 1126899, 1070820, 916122]
462	[1029743, 1106523, 1070820, 1126899, 936830]
463	[1029743, 1106523, 1070820, 1126899, 7409618]
464	[1029743, 1106523, 1070820, 1126899, 916122]
466	[1029743, 1106523, 1126899, 1070820, 916122]
467	[1029743, 1106523, 1070820, 1126899, 916122]
468	[1029743, 1106523, 1126899, 1070820, 916122]
469	[1029743, 1070820, 1106523, 1126899, 1004906]
470	[1029743, 1106523, 1126899, 1070820, 916122]
473	[1029743, 1106523, 1070820, 1126899, 1004906]
474	[1029743, 1106523, 1126899, 1070820, 916122]
475	[1029743, 1106523, 1070820, 1126899, 916122]
478	[1029743, 1106523, 1126899, 1070820, 916122]
479	[1029743, 1106523, 1070820, 1126899, 1021519]
480	[1029743, 1070820, 1126899, 1106523, 916122]
481	[1029743, 1106523, 1126899, 1070820, 1044078]
483	[1106523, 1029743, 1070820, 1126899, 1004906]
484	[1029743, 1126899, 1106523, 1070820, 1004906]
485	[1029743, 1106523, 1126899, 1070820, 1004906]
487	[1029743, 1106523, 1126899, 1070820, 916122]
489	[1029743, 1070820, 1106523, 1126899, 1043787]
490	[1029743, 1106523, 1126899, 1070820, 1004906]
491	[1029743, 1126899, 1106523, 1070820, 1004906]
492	[1029743, 1070820, 1106523, 1126899, 5569230]
493	[1029743, 1126899, 1070820, 1106523, 916122]
495	[1029743, 1106523, 1070820, 1126899, 916122]
496	[1029743, 1106523, 1070820, 1126899, 916122]
497	[1029743, 1070820, 1106523, 1126899, 916122]
498	[1029743, 1106523, 1070820, 1126899, 1028891]
501	[1029743, 1126899, 1106523, 1070820, 936830]
503	[1029743, 1070820, 1106523, 1126899, 916122]
504	[1029743, 1106523, 1126899, 1070820, 916122]
505	[1029743, 1106523, 1126899, 1070820, 916122]
506	[1029743, 1106523, 1070820, 1126899, 916122]
508	[1029743, 1106523, 1126899, 1070820, 916122]
510	[1029743, 1070820, 1126899, 1106523, 5569230]
511	[1029743, 1106523, 1070820, 1126899, 1044078]
513	[1029743, 1106523, 1126899, 1070820, 1004906]
514	[1029743, 1106523, 1126899, 1070820, 916122]
515	[1029743, 1106523, 1070820, 1126899, 916122]
516	[1029743, 1126899, 1106523, 1070820, 916122]
517	[1029743, 1126899, 1070820, 1106523, 916122]
518	[1029743, 1106523, 1126899, 1070820, 1004906]
519	[1029743, 1126899, 1070820, 1106523, 916122]
520	[1029743, 1106523, 1126899, 1070820, 1044078]
521	[1029743, 1106523, 1126899, 1070820, 1056212]
523	[1029743, 1106523, 1070820, 1126899, 916122]
524	[1029743, 1106523, 1070820, 1126899, 936830]
525	[1029743, 1070820, 1126899, 1106523, 916122]
526	[1029743, 1106523, 1070820, 1126899, 1004906]
527	[1029743, 1106523, 1126899, 1070820, 1004906]
528	[1029743, 1126899, 1106523, 1070820, 916122]
530	[1029743, 1106523, 1070820, 1126899, 7409618]
531	[1029743, 1106523, 1126899, 1070820, 916122]
533	[1029743, 1106523, 1070820, 1126899, 916122]
534	[1029743, 1106523, 1070820, 1126899, 1004906]
535	[1029743, 1106523, 1126899, 1070820, 916122]
536	[1029743, 1106523, 1126899, 1070820, 916122]
537	[1029743, 1106523, 1070820, 1126899, 916122]
538	[1029743, 1070820, 1126899, 1106523, 916122]
539	[1029743, 1126899, 1106523, 1070820, 916122]
540	[1029743, 1070820, 1126899, 1106523, 1004906]
541	[1029743, 1106523, 1126899, 1070820, 916122]
542	[1029743, 1106523, 1070820, 1126899, 1004906]
543	[1029743, 1106523, 1070820, 1126899, 1004906]
545	[1029743, 1106523, 1126899, 1070820, 1021519]
546	[1029743, 1106523, 1126899, 1070820, 1004906]
547	[1029743, 1106523, 1070820, 1126899, 916122]
548	[1029743, 1126899, 1106523, 1070820, 1004906]
549	[1029743, 1106523, 1126899, 1070820, 1044078]
551	[1029743, 1126899, 1070820, 1106523, 916122]
552	[1029743, 1106523, 1070820, 1126899, 1028891]
553	[1029743, 1106523, 1126899, 1070820, 5569230]
554	[1029743, 1106523, 1070820, 1126899, 5569230]
557	[1029743, 1126899, 1070820, 1106523, 916122]
558	[1106523, 1029743, 1070820, 1126899, 916122]
560	[1029743, 1106523, 1070820, 1126899, 974766]
561	[1029743, 1106523, 1126899, 1070820, 916122]
562	[1029743, 1106523, 1126899, 1070820, 1056212]
563	[1029743, 1106523, 1126899, 1070820, 916122]
564	[1029743, 1106523, 1070820, 1126899, 916122]
567	[1029743, 1106523, 1126899, 1070820, 916122]
568	[1029743, 1106523, 1126899, 1070820, 1044078]
569	[1029743, 1070820, 1126899, 1106523, 1004906]
571	[1029743, 1070820, 1106523, 1126899, 916122]
573	[1029743, 1106523, 1070820, 1126899, 5569230]
574	[1029743, 1106523, 1070820, 1126899, 5569230]
575	[1029743, 1106523, 1070820, 1126899, 1004906]
576	[1029743, 1106523, 1070820, 1126899, 945909]
577	[1029743, 1070820, 1106523, 1126899, 916122]
578	[1029743, 1106523, 1126899, 1070820, 1004906]
580	[1029743, 1106523, 1070820, 1126899, 916122]
581	[1029743, 1126899, 1070820, 1106523, 936830]
582	[1029743, 1106523, 1070820, 1126899, 1004906]
583	[1029743, 1106523, 1126899, 1070820, 1004906]
586	[1029743, 1106523, 1070820, 1126899, 5569230]
587	[1106523, 1029743, 1126899, 1070820, 916122]
588	[1029743, 1106523, 1070820, 1126899, 1004906]
589	[1029743, 1106523, 1126899, 1070820, 916122]
590	[1029743, 1106523, 1126899, 1070820, 916122]
591	[1029743, 1106523, 1126899, 1070820, 916122]
592	[1029743, 1070820, 1126899, 1106523, 1056212]
593	[1106523, 1029743, 1126899, 1070820, 1004906]
594	[1029743, 1106523, 1126899, 1070820, 916122]
595	[1029743, 1106523, 1126899, 1070820, 1004906]
596	[1029743, 1106523, 1126899, 1070820, 1004906]
597	[1029743, 1106523, 1126899, 5569230, 916122]
598	[1029743, 1106523, 1070820, 1126899, 1022066]
600	[1029743, 1106523, 1126899, 1070820, 5569230]
601	[1029743, 1126899, 1106523, 1070820, 1004906]
602	[1029743, 1106523, 1126899, 1070820, 1021519]
604	[1029743, 1070820, 1126899, 1106523, 916122]
605	[1029743, 1106523, 5569230, 916122, 844179]
606	[1029743, 1106523, 1070820, 1126899, 1004906]
608	[1029743, 1106523, 1126899, 5569230, 916122]
609	[1029743, 1106523, 1070820, 1126899, 1004906]
611	[1029743, 1106523, 1126899, 1070820, 1065979]
612	[1029743, 1106523, 1126899, 5569230, 916122]
614	[1029743, 1106523, 1126899, 5569230, 916122]
615	[1029743, 1106523, 1126899, 1070820, 916122]
617	[1029743, 1070820, 1126899, 1106523, 916122]
618	[1029743, 1106523, 1070820, 1126899, 5569230]
619	[1029743, 1106523, 1126899, 1070820, 916122]
621	[1029743, 1106523, 1126899, 1070820, 1004906]
622	[1029743, 1106523, 1070820, 1126899, 5569230]
623	[1029743, 1106523, 1070820, 1126899, 1004906]
624	[1029743, 1106523, 1070820, 1126899, 5569230]
625	[1029743, 1106523, 1070820, 1126899, 916122]
627	[1029743, 1106523, 1070820, 1126899, 1056212]
628	[1029743, 1106523, 1070820, 1126899, 916122]
630	[1029743, 1070820, 1106523, 1126899, 1004906]
631	[1029743, 1106523, 1126899, 1070820, 899682]
632	[1029743, 1106523, 1070820, 1126899, 5569230]
633	[1029743, 1106523, 1126899, 1070820, 916122]
635	[1106523, 1029743, 1070820, 1126899, 916122]
636	[1029743, 1106523, 1126899, 1070820, 5569230]
637	[1029743, 1106523, 1070820, 1126899, 916122]
638	[1029743, 1106523, 1070820, 1126899, 5569230]
639	[1029743, 1106523, 1070820, 1126899, 916122]
641	[1029743, 1126899, 1070820, 1106523, 5569230]
643	[1029743, 1106523, 1070820, 1126899, 5569230]
644	[1029743, 1106523, 1126899, 1070820, 916122]
646	[1029743, 1106523, 1126899, 1070820, 916122]
647	[1029743, 1106523, 1126899, 5569230, 916122]
648	[1029743, 1070820, 1126899, 1106523, 916122]
652	[1029743, 1106523, 1070820, 1126899, 1021519]
653	[1029743, 1106523, 1126899, 1070820, 916122]
654	[1029743, 1106523, 1070820, 1126899, 1056212]
655	[1029743, 1106523, 1126899, 1070820, 916122]
656	[1029743, 1106523, 1126899, 5569230, 916122]
658	[1029743, 1106523, 1126899, 1070820, 1056212]
659	[1029743, 1106523, 1070820, 1126899, 916122]
660	[1029743, 1126899, 1106523, 1070820, 916122]
661	[1029743, 1106523, 1126899, 1070820, 1004906]
662	[1029743, 1106523, 1126899, 1070820, 936830]
663	[1029743, 1106523, 1126899, 1070820, 916122]
664	[1029743, 1106523, 1070820, 1126899, 1028891]
666	[1029743, 1106523, 1126899, 1070820, 916122]
667	[1029743, 1106523, 1070820, 1126899, 916122]
668	[1029743, 1126899, 1106523, 1070820, 916122]
669	[1029743, 1126899, 1106523, 1070820, 916122]
670	[1029743, 1070820, 1106523, 1126899, 5569230]
671	[1029743, 1106523, 1070820, 1126899, 1004906]
672	[1029743, 1106523, 1070820, 1126899, 1004906]
673	[1029743, 1106523, 1126899, 1070820, 916122]
674	[1029743, 1106523, 1070820, 1126899, 916122]
675	[1029743, 1106523, 1070820, 1126899, 1004906]
676	[1029743, 1106523, 1070820, 1126899, 5569230]
679	[1029743, 1106523, 1126899, 1070820, 1056212]
680	[1029743, 1106523, 1126899, 1070820, 1004906]
681	[1029743, 1106523, 1126899, 1070820, 916122]
684	[1029743, 1106523, 1126899, 1070820, 916122]
685	[1029743, 1106523, 1070820, 1126899, 1004906]
686	[1029743, 1106523, 1126899, 1070820, 916122]
687	[1029743, 1106523, 1070820, 1126899, 5569230]
688	[1029743, 1126899, 1106523, 1070820, 1004906]
690	[1029743, 1106523, 1126899, 1070820, 1126045]
691	[1029743, 1070820, 1106523, 1126899, 916122]
692	[1029743, 1106523, 1070820, 1126899, 8203834]
693	[1029743, 1106523, 1126899, 1070820, 1004906]
694	[1029743, 1106523, 1070820, 1126899, 916122]
695	[1029743, 1106523, 1070820, 1126899, 1004906]
696	[1029743, 1126899, 1106523, 5569230, 916122]
697	[1029743, 1070820, 1126899, 1106523, 916122]
698	[1029743, 1106523, 1126899, 1070820, 916122]
699	[1029743, 1070820, 1106523, 1126899, 1004906]
700	[1029743, 1106523, 1070820, 1126899, 916122]
701	[1029743, 1106523, 1070820, 1126899, 936830]
702	[1029743, 1106523, 1126899, 1070820, 916122]
703	[1029743, 1126899, 1106523, 1070820, 916122]
705	[1106523, 1029743, 1126899, 1070820, 1056212]
706	[1029743, 1106523, 1070820, 1126899, 1004906]
707	[1029743, 1106523, 5569230, 916122, 844179]
708	[1029743, 1106523, 1070820, 1126899, 1004906]
709	[1029743, 1106523, 1126899, 1070820, 916122]
710	[1029743, 1106523, 1126899, 1070820, 916122]
711	[1029743, 1106523, 1070820, 1126899, 916122]
712	[1029743, 1070820, 1106523, 1126899, 5569230]
713	[1029743, 1106523, 1070820, 1126899, 916122]
714	[1029743, 1106523, 1126899, 1070820, 857503]
715	[1029743, 1106523, 1070820, 1126899, 916122]
718	[1029743, 1106523, 1070820, 1126899, 1004906]
719	[1029743, 1106523, 1070820, 1126899, 916122]
720	[1029743, 1106523, 1126899, 1070820, 1056212]
721	[1029743, 1126899, 1106523, 1070820, 916122]
722	[1029743, 1106523, 1126899, 1070820, 1004906]
723	[1029743, 1106523, 1070820, 1126899, 916122]
724	[1029743, 1126899, 1070820, 1106523, 916122]
725	[1029743, 1106523, 1126899, 1070820, 1004906]
726	[1029743, 1106523, 1070820, 1126899, 936830]
727	[1029743, 1106523, 1070820, 1126899, 916122]
728	[1029743, 1106523, 1070820, 1126899, 1028891]
730	[1126899, 1029743, 1070820, 1106523, 916122]
731	[1029743, 1106523, 1070820, 1126899, 1004906]
732	[1029743, 1070820, 1126899, 1106523, 916122]
733	[1029743, 1106523, 1070820, 1126899, 1004906]
734	[1029743, 1106523, 1126899, 1070820, 916122]
735	[1106523, 1029743, 1126899, 1070820, 916122]
736	[1029743, 1106523, 1070820, 1126899, 5569230]
737	[1029743, 1106523, 1126899, 1070820, 916122]
738	[1029743, 1106523, 1126899, 5569230, 916122]
740	[1029743, 1106523, 1070820, 1126899, 1004906]
741	[1029743, 1106523, 1070820, 1126899, 1138443]
742	[1106523, 1029743, 1126899, 1070820, 1004906]
743	[1029743, 1106523, 1070820, 1126899, 916122]
744	[1029743, 1106523, 1070820, 1126899, 916122]
745	[1029743, 1126899, 1106523, 1070820, 1044078]
747	[1029743, 1106523, 1126899, 1070820, 916122]
748	[1029743, 1106523, 1126899, 1070820, 1004906]
750	[1029743, 1106523, 1126899, 1070820, 916122]
751	[1029743, 1106523, 1070820, 1126899, 1056212]
752	[1029743, 1106523, 1126899, 1070820, 1004906]
753	[1029743, 1106523, 1070820, 1126899, 1004906]
754	[1029743, 1126899, 1106523, 1070820, 916122]
755	[1029743, 1126899, 1106523, 1070820, 1004906]
756	[1029743, 1106523, 1126899, 1070820, 1021519]
757	[1029743, 1106523, 1070820, 1126899, 916122]
758	[1029743, 1070820, 1106523, 1126899, 916122]
759	[1029743, 1126899, 1070820, 1106523, 916122]
761	[1029743, 1106523, 1070820, 1126899, 1004906]
762	[1029743, 1070820, 1126899, 1106523, 1004906]
763	[1029743, 1106523, 1126899, 1070820, 1021519]
764	[1029743, 1106523, 1126899, 5569230, 916122]
765	[1029743, 1106523, 1070820, 1126899, 916122]
766	[1029743, 1106523, 1070820, 1126899, 1004906]
767	[1029743, 1106523, 1070820, 1126899, 916122]
768	[1029743, 1106523, 1126899, 1070820, 5569230]
769	[1029743, 1106523, 1126899, 1070820, 936830]
770	[1029743, 1106523, 1126899, 1070820, 1004906]
771	[1029743, 1106523, 1126899, 1070820, 1004906]
773	[1029743, 1070820, 1106523, 1126899, 916122]
776	[1029743, 1106523, 1070820, 1126899, 916122]
777	[1029743, 1070820, 1126899, 1106523, 1028891]
778	[1029743, 1106523, 1070820, 1126899, 916122]
781	[1029743, 1126899, 1106523, 1070820, 916122]
784	[1029743, 1106523, 1070820, 1126899, 1004906]
785	[1029743, 1126899, 1106523, 1070820, 5569230]
786	[1029743, 1106523, 1126899, 1070820, 5569230]
787	[1029743, 1070820, 1106523, 1126899, 1004906]
788	[1029743, 1106523, 1070820, 1126899, 1004906]
790	[1029743, 1106523, 1126899, 1070820, 1004906]
791	[1029743, 1106523, 1126899, 1070820, 916122]
793	[1029743, 1106523, 1126899, 1070820, 916122]
794	[1029743, 1106523, 1126899, 1070820, 916122]
797	[1029743, 1070820, 1106523, 1126899, 1004906]
798	[1029743, 1126899, 1106523, 1070820, 916122]
799	[1029743, 1126899, 1106523, 1070820, 916122]
800	[1029743, 1106523, 1070820, 1126899, 1004906]
801	[1029743, 1106523, 1126899, 1070820, 916122]
802	[1029743, 1106523, 1126899, 1070820, 916122]
803	[1029743, 1106523, 1070820, 1126899, 1004906]
804	[1029743, 1106523, 1126899, 1070820, 916122]
805	[1029743, 1106523, 1126899, 1070820, 916122]
806	[1029743, 1106523, 1070820, 1126899, 1004906]
807	[1029743, 1106523, 1126899, 1070820, 916122]
808	[1029743, 1106523, 1070820, 1126899, 1004906]
809	[1029743, 1106523, 1070820, 1126899, 916122]
810	[1029743, 1106523, 1126899, 1070820, 916122]
811	[1029743, 1106523, 1126899, 1070820, 916122]
812	[1029743, 1106523, 1126899, 1070820, 916122]
813	[1029743, 1106523, 1126899, 1070820, 916122]
814	[1029743, 1126899, 1106523, 1070820, 916122]
816	[1029743, 1126899, 1106523, 1070820, 1004906]
817	[1070820, 1029743, 1106523, 1126899, 5569230]
818	[1029743, 1106523, 1070820, 1126899, 5569230]
820	[1029743, 1106523, 1126899, 1070820, 916122]
821	[1029743, 1106523, 1126899, 1070820, 916122]
823	[1029743, 1106523, 1070820, 1126899, 1004906]
824	[1029743, 1106523, 5569230, 916122, 844179]
825	[1029743, 1126899, 1070820, 1106523, 1004906]
826	[1029743, 1106523, 1126899, 1070820, 916122]
829	[1029743, 1106523, 1070820, 1126899, 916122]
830	[1029743, 1106523, 1070820, 1126899, 5569230]
831	[1029743, 1106523, 1126899, 1070820, 1004906]
833	[1029743, 1106523, 1126899, 1070820, 916122]
836	[1029743, 1106523, 1126899, 1070820, 916122]
837	[1029743, 1126899, 1070820, 1106523, 1112825]
838	[1029743, 1106523, 1126899, 1070820, 916122]
840	[1029743, 1106523, 1126899, 1070820, 5569230]
841	[1029743, 1106523, 1126899, 1070820, 916122]
842	[1029743, 1106523, 1070820, 1126899, 5569230]
843	[1029743, 1106523, 1126899, 1070820, 916122]
844	[1029743, 1106523, 1126899, 1070820, 1004906]
845	[1029743, 1106523, 1070820, 1126899, 974766]
846	[1029743, 1106523, 1070820, 1126899, 936830]
847	[1029743, 1106523, 1070820, 1126899, 936830]
848	[1029743, 1070820, 1106523, 1126899, 916122]
849	[1029743, 1126899, 1106523, 1070820, 916122]
850	[1029743, 1106523, 1070820, 1126899, 916122]
852	[1029743, 1106523, 1126899, 1070820, 1004906]
853	[1029743, 1126899, 1070820, 1106523, 1004906]
854	[1029743, 1106523, 1126899, 1070820, 916122]
855	[1029743, 1106523, 5569230, 916122, 844179]
856	[1029743, 1106523, 1070820, 1126899, 974766]
857	[1029743, 1106523, 1070820, 1126899, 857503]
859	[1029743, 1106523, 1070820, 1126899, 1004906]
862	[1029743, 1106523, 1126899, 1070820, 916122]
863	[1029743, 1106523, 1070820, 1126899, 1004906]
864	[1029743, 1106523, 1070820, 5569230, 916122]
865	[1029743, 1106523, 1070820, 1126899, 5569230]
866	[1029743, 1106523, 1126899, 1070820, 5569230]
867	[1029743, 1106523, 1126899, 1070820, 1004906]
868	[1029743, 1106523, 1070820, 1126899, 914753]
869	[1029743, 1106523, 1070820, 1126899, 1044078]
871	[1029743, 1106523, 1126899, 1070820, 1004906]
873	[1029743, 1106523, 1070820, 1126899, 1065979]
875	[1029743, 1126899, 1070820, 1106523, 1004906]
876	[1029743, 1126899, 1106523, 1070820, 916122]
877	[1029743, 1126899, 1070820, 1106523, 936830]
878	[1029743, 1106523, 1070820, 1126899, 1004906]
879	[1029743, 1070820, 1106523, 1126899, 1004906]
880	[1029743, 1070820, 1126899, 1106523, 916122]
882	[1029743, 1106523, 1126899, 1070820, 5569230]
883	[1029743, 1106523, 1070820, 1126899, 5569230]
885	[1029743, 1106523, 1126899, 1070820, 916122]
886	[1029743, 1070820, 1126899, 1106523, 1004906]
887	[1029743, 1106523, 1070820, 1126899, 916122]
888	[1029743, 1106523, 5569230, 916122, 844179]
889	[1029743, 1070820, 1126899, 1106523, 5569230]
891	[1029743, 1106523, 1070820, 1126899, 1028891]
892	[1029743, 1106523, 1070820, 1126899, 916122]
893	[1106523, 1029743, 1070820, 5569230, 916122]
894	[1029743, 1106523, 1070820, 1126899, 916122]
895	[1029743, 1126899, 1106523, 1070820, 1004906]
896	[1029743, 1126899, 1106523, 1070820, 916122]
897	[1029743, 1070820, 1106523, 1126899, 916122]
898	[1029743, 1070820, 1126899, 1106523, 984315]
900	[1029743, 1106523, 1070820, 1126899, 1004906]
901	[1029743, 1106523, 1126899, 1070820, 936830]
904	[1029743, 1106523, 1126899, 1070820, 916122]
906	[1029743, 1106523, 1070820, 1126899, 916122]
907	[1029743, 1106523, 1126899, 1070820, 916122]
908	[1029743, 1070820, 1106523, 1126899, 5569230]
909	[1029743, 1070820, 1106523, 1126899, 916122]
910	[1029743, 1106523, 1070820, 1126899, 916122]
911	[1029743, 1126899, 1070820, 1106523, 1004906]
912	[1029743, 1106523, 1070820, 1126899, 916122]
913	[1029743, 1070820, 1106523, 1126899, 5569230]
914	[1029743, 1106523, 1070820, 1126899, 1004906]
915	[1029743, 1106523, 1126899, 1070820, 1004906]
916	[1029743, 1106523, 1126899, 1070820, 1063739]
919	[1029743, 1106523, 1126899, 1070820, 916122]
920	[1106523, 1029743, 1070820, 1126899, 1004906]
921	[1029743, 1106523, 1126899, 1070820, 916122]
922	[1029743, 1126899, 1106523, 1070820, 1004906]
923	[1029743, 1106523, 1070820, 1126899, 916122]
924	[1029743, 1106523, 1070820, 1126899, 916122]
925	[1029743, 1126899, 1106523, 1070820, 916122]
926	[1029743, 1126899, 1070820, 1106523, 1004906]
927	[1029743, 1126899, 1106523, 1070820, 916122]
928	[1029743, 1106523, 1070820, 1126899, 916122]
929	[1029743, 1070820, 1106523, 5569230, 916122]
930	[1029743, 1106523, 1126899, 1070820, 916122]
931	[1029743, 1106523, 1126899, 1070820, 916122]
932	[1029743, 1106523, 1126899, 1070820, 5569230]
933	[1029743, 1106523, 1070820, 1126899, 916122]
934	[1029743, 1106523, 1070820, 1126899, 1004906]
936	[1029743, 1106523, 5569230, 916122, 844179]
937	[1126899, 1029743, 1070820, 1106523, 916122]
938	[1029743, 1106523, 1070820, 1126899, 916122]
939	[1029743, 1106523, 1070820, 1126899, 1004906]
940	[1029743, 1106523, 1126899, 1070820, 916122]
941	[1029743, 1106523, 1070820, 1126899, 916122]
942	[1029743, 1106523, 1070820, 1126899, 916122]
943	[1029743, 1106523, 1070820, 1126899, 916122]
944	[1029743, 1106523, 1070820, 1126899, 916122]
945	[1029743, 1106523, 1126899, 1070820, 5569230]
946	[1029743, 1106523, 1126899, 1070820, 1056212]
947	[1029743, 1106523, 1070820, 1126899, 916122]
949	[1029743, 1106523, 1126899, 1070820, 1004906]
950	[1029743, 1106523, 1126899, 1070820, 916122]
951	[1029743, 1106523, 1126899, 1070820, 916122]
952	[1029743, 1126899, 1106523, 1070820, 916122]
953	[1029743, 1106523, 5569230, 916122, 844179]
955	[1029743, 1106523, 1126899, 1070820, 5569230]
956	[1029743, 1070820, 1106523, 5569230, 916122]
957	[1029743, 1106523, 1070820, 1126899, 916122]
959	[1029743, 1106523, 1070820, 1126899, 916122]
960	[1029743, 1126899, 1070820, 1106523, 1004906]
961	[1029743, 1070820, 1106523, 1126899, 916122]
962	[1029743, 1126899, 1106523, 1070820, 916122]
964	[1029743, 1106523, 1070820, 1126899, 916122]
965	[1029743, 1106523, 1126899, 1070820, 916122]
966	[1029743, 1106523, 1126899, 1070820, 916122]
968	[1029743, 1106523, 1126899, 1070820, 1004906]
969	[1029743, 1106523, 1126899, 1070820, 916122]
971	[1029743, 1106523, 1070820, 1126899, 1004906]
972	[1029743, 1070820, 1106523, 1126899, 916122]
973	[1029743, 1106523, 1126899, 1070820, 1004906]
975	[1029743, 1070820, 1106523, 1126899, 916122]
976	[1029743, 1106523, 1126899, 1070820, 5569230]
977	[1029743, 1070820, 1126899, 1106523, 916122]
978	[1029743, 1070820, 1106523, 1126899, 916122]
979	[1029743, 1106523, 1126899, 5569230, 916122]
980	[1029743, 1106523, 1070820, 1126899, 916122]
981	[1029743, 1106523, 1126899, 1070820, 1004906]
982	[1029743, 1106523, 1126899, 5569230, 916122]
983	[1029743, 1106523, 1126899, 1070820, 1004906]
984	[1029743, 1106523, 1070820, 1126899, 916122]
985	[1029743, 1106523, 1070820, 1126899, 916122]
986	[1029743, 1106523, 1070820, 1126899, 1004906]
987	[1029743, 1070820, 1106523, 1126899, 916122]
988	[1029743, 1070820, 1106523, 1126899, 5569230]
989	[1029743, 1106523, 1070820, 1126899, 916122]
991	[1029743, 1106523, 1126899, 1070820, 916122]
992	[1029743, 1106523, 1070820, 1126899, 1004906]
993	[1029743, 1106523, 1126899, 1070820, 12302069]
996	[1029743, 1106523, 1126899, 1070820, 1126045]
997	[1029743, 1070820, 1106523, 1126899, 1004906]
998	[1029743, 1106523, 1126899, 1070820, 916122]
999	[1029743, 1106523, 1070820, 1126899, 916122]
1000	[1029743, 1106523, 1070820, 1126899, 916122]
1001	[1029743, 1126899, 1106523, 1070820, 1004906]
1002	[1029743, 1106523, 1070820, 1126899, 916122]
1004	[1029743, 1106523, 1126899, 1070820, 1004906]
1005	[1029743, 1106523, 1126899, 1070820, 916122]
1006	[1029743, 1106523, 1070820, 1126899, 916122]
1008	[1029743, 1106523, 1126899, 1070820, 916122]
1010	[1029743, 1070820, 1106523, 1126899, 916122]
1011	[1029743, 1126899, 1070820, 1106523, 916122]
1012	[1029743, 1070820, 1106523, 1126899, 1004906]
1014	[1029743, 1106523, 1070820, 1126899, 1004906]
1015	[1029743, 1106523, 1126899, 1070820, 1004906]
1016	[1029743, 1126899, 1070820, 1106523, 5569230]
1017	[1029743, 1106523, 1126899, 1070820, 936830]
1018	[1029743, 1070820, 1106523, 1126899, 1004906]
1019	[1029743, 1106523, 1126899, 1070820, 5569230]
1020	[1029743, 1070820, 1106523, 5569230, 916122]
1021	[1029743, 1070820, 1106523, 1126899, 1004906]
1023	[1029743, 1126899, 1070820, 1106523, 936830]
1024	[1029743, 1106523, 1070820, 1126899, 1004906]
1025	[1029743, 1106523, 1070820, 1126899, 916122]
1027	[1029743, 1106523, 1126899, 1070820, 916122]
1029	[1029743, 1126899, 1106523, 5569230, 916122]
1033	[1029743, 1106523, 1070820, 1126899, 916122]
1039	[1029743, 1106523, 1070820, 1126899, 5569230]
1040	[1029743, 1126899, 1106523, 1070820, 5569230]
1041	[1029743, 1106523, 1070820, 1126899, 5569230]
1042	[1029743, 1106523, 1070820, 1126899, 1004906]
1045	[1029743, 1106523, 1070820, 1126899, 5569230]
1046	[1029743, 1126899, 1070820, 1106523, 5569230]
1047	[1029743, 1106523, 1070820, 1126899, 916122]
1049	[1029743, 1106523, 1126899, 1070820, 916122]
1050	[1029743, 1106523, 1126899, 1070820, 5569230]
1051	[1029743, 1106523, 1126899, 1070820, 916122]
1053	[1029743, 1106523, 1126899, 1070820, 974766]
1054	[1029743, 1070820, 1106523, 1126899, 916122]
1055	[1029743, 1106523, 1126899, 1070820, 916122]
1056	[1029743, 1106523, 1070820, 1126899, 916122]
1057	[1029743, 1126899, 1070820, 1106523, 1004906]
1058	[1029743, 1106523, 1126899, 1070820, 1056212]
1061	[1029743, 1106523, 1126899, 1070820, 5569230]
1063	[1029743, 1106523, 1126899, 1070820, 916122]
1064	[1029743, 1126899, 1070820, 1106523, 936830]
1065	[1029743, 1106523, 1070820, 1126899, 916122]
1066	[1029743, 1106523, 1070820, 1126899, 1004906]
1067	[1029743, 1106523, 1126899, 1070820, 5569230]
1068	[1029743, 1106523, 1070820, 1126899, 916122]
1069	[1029743, 1106523, 1070820, 1126899, 1004906]
1070	[1029743, 1106523, 1126899, 1070820, 1004906]
1071	[1029743, 1106523, 1126899, 1070820, 916122]
1072	[1029743, 1106523, 1126899, 1070820, 916122]
1073	[1029743, 1126899, 1070820, 1106523, 916122]
1074	[1029743, 1106523, 1126899, 1070820, 5569230]
1075	[1029743, 1106523, 1070820, 1126899, 916122]
1076	[1029743, 1106523, 1070820, 1126899, 1004906]
1077	[1029743, 1126899, 1106523, 1070820, 916122]
1078	[1029743, 1126899, 1106523, 1070820, 916122]
1080	[1029743, 1106523, 1070820, 1126899, 916122]
1081	[1029743, 1106523, 1126899, 1070820, 916122]
1082	[1029743, 1106523, 1126899, 1070820, 1004906]
1083	[1029743, 1106523, 1126899, 1070820, 916122]
1084	[1029743, 1106523, 1070820, 1126899, 1004906]
1085	[1029743, 1106523, 1070820, 1126899, 916122]
1086	[1029743, 1106523, 1070820, 1126899, 916122]
1087	[1029743, 1106523, 1070820, 1126899, 1028891]
1088	[1029743, 1106523, 1070820, 1126899, 916122]
1089	[1029743, 1106523, 1070820, 1126899, 916122]
1090	[1029743, 1106523, 1126899, 1070820, 916122]
1091	[1029743, 1106523, 1070820, 1126899, 1004906]
1092	[1029743, 1106523, 1126899, 1070820, 916122]
1093	[1029743, 1106523, 1070820, 1126899, 916122]
1094	[1029743, 1106523, 1126899, 1070820, 1004906]
1096	[1029743, 1106523, 1126899, 1070820, 916122]
1097	[1029743, 1106523, 1070820, 1126899, 7409644]
1098	[1029743, 1070820, 1106523, 1126899, 916122]
1100	[1029743, 1106523, 1126899, 1070820, 916122]
1102	[1029743, 1106523, 1070820, 1126899, 916122]
1103	[1029743, 1126899, 1106523, 5569230, 916122]
1104	[1029743, 1106523, 1126899, 1070820, 1065979]
1106	[1029743, 1070820, 1106523, 1126899, 916122]
1107	[1029743, 1106523, 1126899, 1070820, 916122]
1109	[1029743, 1070820, 1126899, 1106523, 1021519]
1110	[1029743, 1070820, 1106523, 1126899, 916122]
1111	[1106523, 1029743, 5569230, 916122, 844179]
1113	[1029743, 1126899, 1070820, 1106523, 1004906]
1116	[1029743, 1106523, 1126899, 1070820, 916122]
1117	[1029743, 1106523, 1126899, 1070820, 916122]
1118	[1029743, 1106523, 1070820, 1126899, 916122]
1119	[1029743, 1106523, 1126899, 1070820, 916122]
1120	[1029743, 1106523, 1126899, 1070820, 1004906]
1121	[1029743, 1070820, 1106523, 1126899, 5569230]
1123	[1029743, 1126899, 1106523, 1070820, 974766]
1124	[1029743, 1106523, 1070820, 1126899, 916122]
1126	[1029743, 1126899, 1106523, 1070820, 916122]
1128	[1029743, 1106523, 1070820, 1126899, 1004906]
1129	[1029743, 1126899, 1070820, 1106523, 916122]
1130	[1029743, 1106523, 1126899, 1070820, 945909]
1131	[1029743, 1106523, 1070820, 1126899, 1056212]
1132	[1029743, 1106523, 1070820, 1126899, 916122]
1133	[1029743, 1106523, 1126899, 1070820, 916122]
1134	[1029743, 1106523, 1070820, 1126899, 936830]
1135	[1029743, 1106523, 1070820, 1126899, 1004906]
1136	[1029743, 1106523, 1070820, 1126899, 5569230]
1137	[1029743, 1106523, 1070820, 1126899, 916122]
1138	[1029743, 1106523, 1070820, 1126899, 1004906]
1139	[1029743, 1070820, 1126899, 1106523, 1028891]
1140	[1029743, 1106523, 1126899, 1070820, 936830]
1141	[1029743, 1106523, 1126899, 1070820, 1021519]
1142	[1029743, 1106523, 1126899, 1070820, 1004906]
1145	[1029743, 1106523, 1070820, 1126899, 916122]
1146	[1029743, 1106523, 1070820, 5569230, 916122]
1147	[1029743, 1106523, 1126899, 1070820, 916122]
1148	[1029743, 1106523, 1126899, 1070820, 916122]
1149	[1029743, 1106523, 1126899, 1070820, 916122]
1151	[1029743, 1106523, 1126899, 1070820, 1004906]
1152	[1029743, 1106523, 1126899, 1070820, 916122]
1153	[1029743, 1106523, 1126899, 1070820, 916122]
1154	[1106523, 1029743, 1070820, 5569230, 916122]
1156	[1029743, 1106523, 1126899, 1070820, 916122]
1157	[1029743, 1070820, 1106523, 1126899, 916122]
1158	[1029743, 1106523, 1126899, 1070820, 5569230]
1159	[1029743, 1106523, 1126899, 1070820, 1004906]
1160	[1029743, 1106523, 1126899, 1070820, 936830]
1161	[1029743, 1070820, 1106523, 1126899, 916122]
1163	[1029743, 1106523, 1126899, 1070820, 1004906]
1164	[1070820, 1029743, 1126899, 1106523, 5569230]
1165	[1029743, 1106523, 1126899, 1070820, 936830]
1166	[1029743, 1106523, 1126899, 1070820, 5569230]
1167	[1029743, 1070820, 1106523, 1126899, 5569230]
1168	[1029743, 1106523, 1126899, 1070820, 916122]
1169	[1029743, 1106523, 1070820, 1126899, 12171656]
1171	[1029743, 1106523, 1126899, 1070820, 916122]
1172	[1029743, 1106523, 1070820, 1126899, 1004906]
1173	[1029743, 1106523, 1070820, 1126899, 916122]
1174	[1029743, 1106523, 1070820, 1126899, 1004906]
1175	[1029743, 1106523, 1070820, 1126899, 1004906]
1177	[1029743, 1106523, 1126899, 1070820, 916122]
1178	[1029743, 1106523, 1070820, 1126899, 1004906]
1179	[1029743, 1106523, 1126899, 1070820, 1004906]
1180	[1029743, 1106523, 1126899, 1070820, 5569230]
1181	[1029743, 1106523, 1126899, 1070820, 1022066]
1182	[1029743, 1106523, 1126899, 1070820, 916122]
1185	[1106523, 1029743, 1126899, 1070820, 5569230]
1186	[1029743, 1126899, 1070820, 1106523, 1004906]
1187	[1029743, 1106523, 1070820, 1126899, 5569230]
1188	[1029743, 1106523, 1070820, 1126899, 1004906]
1189	[1106523, 1029743, 1070820, 1126899, 916122]
1190	[1029743, 1106523, 1070820, 1126899, 1004906]
1191	[1029743, 1106523, 1070820, 1126899, 916122]
1193	[1029743, 1106523, 1126899, 1070820, 916122]
1194	[1029743, 1106523, 1126899, 1070820, 916122]
1195	[1029743, 1126899, 1106523, 1070820, 916122]
1196	[1029743, 1070820, 1106523, 1126899, 916122]
1197	[1029743, 1106523, 1126899, 1070820, 1004906]
1198	[1029743, 1106523, 1070820, 1126899, 916122]
1200	[1029743, 1106523, 1126899, 1070820, 916122]
1201	[1029743, 1106523, 1126899, 1070820, 916122]
1202	[1029743, 1070820, 1106523, 1126899, 916122]
1203	[1029743, 1106523, 1070820, 1126899, 5569230]
1204	[1029743, 1106523, 1126899, 1070820, 5569230]
1205	[1029743, 1106523, 5569230, 916122, 844179]
1206	[1029743, 1106523, 1126899, 1070820, 936830]
1208	[1029743, 1106523, 1126899, 1070820, 916122]
1209	[1029743, 1126899, 1106523, 1070820, 916122]
1210	[1029743, 1070820, 1106523, 1126899, 916122]
1211	[1029743, 1106523, 1070820, 1126899, 916122]
1213	[1029743, 1106523, 1126899, 1070820, 916122]
1215	[1029743, 1070820, 1126899, 1106523, 916122]
1216	[1029743, 1106523, 1126899, 1070820, 936830]
1217	[1029743, 1106523, 1126899, 1070820, 916122]
1218	[1029743, 1070820, 1106523, 1126899, 1004906]
1219	[1029743, 1106523, 1126899, 1070820, 857503]
1220	[1029743, 1106523, 1070820, 1126899, 916122]
1221	[1029743, 1070820, 1126899, 1106523, 5569230]
1222	[1029743, 1106523, 1126899, 1070820, 1004906]
1223	[1029743, 1106523, 1070820, 1126899, 916122]
1224	[1029743, 1106523, 1070820, 1126899, 1022066]
1225	[1029743, 1106523, 1070820, 1126899, 916122]
1226	[1029743, 1070820, 1106523, 1126899, 1004906]
1228	[1029743, 1106523, 5569230, 916122, 844179]
1229	[1029743, 1070820, 1106523, 1126899, 5569230]
1231	[1029743, 1106523, 1070820, 1126899, 916122]
1234	[1029743, 1106523, 1126899, 1070820, 1004906]
1236	[1029743, 1106523, 1070820, 1126899, 1004906]
1237	[1029743, 1106523, 1070820, 1126899, 916122]
1238	[1029743, 1070820, 1106523, 1126899, 936830]
1239	[1029743, 1106523, 1126899, 1070820, 916122]
1240	[1029743, 1070820, 1126899, 1106523, 1004906]
1243	[1029743, 1106523, 1126899, 1070820, 916122]
1244	[1029743, 1106523, 1070820, 1126899, 916122]
1245	[1029743, 1106523, 1126899, 1070820, 916122]
1246	[1029743, 1126899, 1106523, 1070820, 916122]
1247	[1029743, 1126899, 1106523, 5569230, 916122]
1248	[1029743, 1106523, 1126899, 1070820, 5569230]
1249	[1029743, 1106523, 1070820, 1126899, 1063739]
1250	[1029743, 1106523, 1126899, 1070820, 916122]
1251	[1029743, 1070820, 1106523, 1126899, 916122]
1252	[1029743, 1106523, 1126899, 1070820, 916122]
1253	[1029743, 1106523, 1070820, 1126899, 916122]
1255	[1029743, 1106523, 1126899, 1070820, 916122]
1256	[1029743, 1106523, 1126899, 1070820, 1004906]
1258	[1029743, 1070820, 1106523, 1126899, 1004906]
1259	[1029743, 1106523, 1126899, 1070820, 916122]
1260	[1029743, 1070820, 1106523, 1126899, 916122]
1261	[1029743, 1106523, 1070820, 1126899, 1004906]
1263	[1029743, 1106523, 1126899, 1070820, 1004906]
1264	[1029743, 1106523, 1070820, 1126899, 1004906]
1265	[1029743, 1106523, 1070820, 1126899, 916122]
1266	[1029743, 1106523, 1126899, 1070820, 916122]
1267	[1029743, 1070820, 1126899, 1106523, 1004906]
1268	[1029743, 1070820, 1126899, 1106523, 1004906]
1269	[1029743, 1106523, 1070820, 1126899, 916122]
1270	[1106523, 1029743, 1070820, 5569230, 916122]
1271	[1029743, 1106523, 1126899, 5569230, 916122]
1272	[1029743, 1070820, 1106523, 1126899, 974766]
1273	[1029743, 1106523, 1126899, 1070820, 916122]
1274	[1029743, 1070820, 1106523, 5569230, 916122]
1277	[1029743, 1106523, 1126899, 1070820, 5569230]
1279	[1029743, 1106523, 1070820, 1126899, 1044078]
1281	[1029743, 1106523, 1126899, 1070820, 916122]
1282	[1029743, 1106523, 1070820, 1126899, 1044078]
1283	[1029743, 1106523, 1070820, 1126899, 916122]
1284	[1106523, 1029743, 1070820, 1126899, 1044078]
1285	[1029743, 1106523, 1070820, 5569230, 916122]
1286	[1029743, 1106523, 1070820, 1126899, 916122]
1287	[1029743, 1106523, 1126899, 1070820, 916122]
1288	[1029743, 1106523, 1070820, 1126899, 916122]
1289	[1029743, 1106523, 1126899, 1070820, 5569230]
1290	[1029743, 1106523, 1070820, 1126899, 916122]
1291	[1029743, 1106523, 1126899, 1070820, 1044078]
1292	[1029743, 1106523, 1070820, 1126899, 916122]
1293	[1029743, 1106523, 1070820, 1126899, 1044078]
1294	[1029743, 1126899, 1106523, 1070820, 916122]
1295	[1029743, 1106523, 1126899, 1070820, 5569230]
1296	[1029743, 1106523, 1070820, 1126899, 916122]
1297	[1029743, 1106523, 1126899, 1070820, 5569230]
1298	[1029743, 1106523, 1070820, 1126899, 916122]
1299	[1029743, 1106523, 1070820, 1126899, 5569230]
1300	[1029743, 1106523, 1070820, 1126899, 1004906]
1302	[1029743, 1106523, 1070820, 1126899, 916122]
1303	[1029743, 1106523, 1070820, 1126899, 1028891]
1304	[1029743, 1106523, 1126899, 1070820, 916122]
1305	[1029743, 1106523, 1070820, 1126899, 916122]
1306	[1029743, 1106523, 1126899, 1070820, 1004906]
1307	[1029743, 1070820, 1106523, 1126899, 916122]
1310	[1029743, 1106523, 1070820, 1126899, 916122]
1311	[1029743, 1106523, 1070820, 1126899, 916122]
1313	[1029743, 1106523, 1070820, 1126899, 936830]
1314	[1029743, 1106523, 1126899, 5569230, 916122]
1315	[1029743, 1126899, 1106523, 1070820, 916122]
1316	[1029743, 1106523, 1070820, 1126899, 5569230]
1317	[1029743, 1106523, 1070820, 1126899, 916122]
1318	[1029743, 1106523, 1126899, 1070820, 916122]
1319	[1029743, 1106523, 1070820, 1126899, 916122]
1320	[1029743, 1106523, 1126899, 1070820, 916122]
1321	[1106523, 1029743, 1126899, 1070820, 916122]
1324	[1029743, 1106523, 1070820, 1126899, 916122]
1325	[1029743, 1070820, 1106523, 1126899, 916122]
1326	[1029743, 1106523, 1070820, 5569230, 916122]
1328	[1029743, 1106523, 1126899, 1070820, 916122]
1329	[1029743, 1106523, 1126899, 1070820, 916122]
1330	[1029743, 1106523, 1126899, 1070820, 916122]
1331	[1029743, 1106523, 1070820, 1126899, 1028891]
1332	[1029743, 1106523, 1126899, 1070820, 916122]
1333	[1029743, 1126899, 1106523, 5569230, 916122]
1334	[1029743, 1106523, 1126899, 1070820, 916122]
1335	[1029743, 1126899, 1070820, 1106523, 916122]
1336	[1029743, 1106523, 1126899, 1070820, 916122]
1337	[1029743, 1106523, 1070820, 1126899, 5569230]
1338	[1029743, 1106523, 1070820, 1126899, 5569230]
1339	[1029743, 1106523, 1126899, 1070820, 916122]
1341	[1029743, 1070820, 1106523, 1126899, 936830]
1344	[1029743, 1106523, 1070820, 1126899, 936830]
1345	[1029743, 1106523, 1070820, 1126899, 916122]
1347	[1029743, 1106523, 1126899, 1070820, 936830]
1348	[1029743, 1106523, 1126899, 1070820, 916122]
1349	[1029743, 1106523, 1070820, 1126899, 1021519]
1350	[1029743, 1106523, 1070820, 1126899, 5569230]
1352	[1029743, 1070820, 1106523, 1126899, 1004906]
1353	[1029743, 1106523, 1126899, 1070820, 7409644]
1354	[1029743, 1106523, 1126899, 1070820, 1126045]
1355	[1029743, 1106523, 1126899, 1070820, 916122]
1356	[1029743, 1070820, 1126899, 1106523, 916122]
1357	[1070820, 1029743, 1106523, 1126899, 916122]
1358	[1029743, 1106523, 1070820, 1126899, 916122]
1359	[1029743, 1070820, 1106523, 1126899, 916122]
1362	[1029743, 1070820, 1126899, 1106523, 916122]
1363	[1029743, 1106523, 1126899, 1070820, 1004906]
1364	[1029743, 1070820, 1106523, 1126899, 8203834]
1366	[1029743, 1126899, 1106523, 1070820, 916122]
1367	[1029743, 1126899, 1106523, 5569230, 916122]
1368	[1029743, 1070820, 1106523, 1126899, 5569230]
1369	[1029743, 1126899, 1106523, 1070820, 1004906]
1370	[1029743, 1106523, 1070820, 1126899, 894439]
1372	[1029743, 1106523, 1070820, 1126899, 916122]
1373	[1029743, 1126899, 1106523, 1070820, 916122]
1374	[1029743, 1106523, 1070820, 1126899, 916122]
1375	[1029743, 1106523, 1070820, 1126899, 1021519]
1376	[1029743, 1106523, 1126899, 1070820, 936830]
1378	[1029743, 1070820, 1126899, 1106523, 1004906]
1379	[1029743, 1106523, 5569230, 916122, 844179]
1380	[1029743, 1106523, 1070820, 1126899, 916122]
1382	[1029743, 1106523, 1070820, 1126899, 1004906]
1383	[1029743, 1106523, 1070820, 1126899, 916122]
1384	[1029743, 1106523, 1070820, 1126899, 916122]
1385	[1029743, 1106523, 1126899, 5569230, 916122]
1387	[1029743, 1106523, 1070820, 1126899, 916122]
1388	[1029743, 1106523, 1126899, 1070820, 1004906]
1389	[1029743, 1106523, 1126899, 1070820, 894439]
1390	[1029743, 1106523, 1126899, 1070820, 916122]
1391	[1029743, 1106523, 1126899, 1070820, 1004906]
1392	[1029743, 1070820, 1106523, 1126899, 916122]
1393	[1029743, 1126899, 1070820, 1106523, 5569230]
1394	[1029743, 1070820, 1106523, 1126899, 1004906]
1395	[1029743, 1126899, 1106523, 1070820, 916122]
1396	[1029743, 1106523, 1126899, 1070820, 1126045]
1397	[1106523, 1029743, 5569230, 916122, 844179]
1398	[1029743, 1106523, 1070820, 1126899, 916122]
1399	[1029743, 1106523, 1126899, 1070820, 916122]
1400	[1029743, 1106523, 1126899, 1070820, 916122]
1401	[1029743, 1126899, 1106523, 1070820, 916122]
1402	[1029743, 1106523, 1070820, 1126899, 916122]
1404	[1029743, 1106523, 1070820, 1126899, 916122]
1405	[1029743, 1106523, 1126899, 1070820, 916122]
1406	[1029743, 1106523, 1126899, 1070820, 1065979]
1407	[1029743, 1126899, 1070820, 1106523, 5569230]
1408	[1029743, 1106523, 1126899, 1070820, 916122]
1409	[1029743, 1106523, 1070820, 1126899, 916122]
1412	[1029743, 1106523, 1126899, 1070820, 5569230]
1413	[1029743, 1106523, 1126899, 1070820, 916122]
1414	[1029743, 1126899, 1106523, 1070820, 916122]
1417	[1029743, 1106523, 1126899, 1070820, 916122]
1418	[1029743, 1070820, 1106523, 1126899, 1004906]
1419	[1029743, 1106523, 1070820, 1126899, 1004906]
1420	[1029743, 1106523, 1126899, 1070820, 916122]
1421	[1029743, 1106523, 1070820, 1126899, 5569230]
1423	[1029743, 1106523, 1070820, 1126899, 1004906]
1424	[1029743, 1070820, 1106523, 1126899, 916122]
1425	[1029743, 1106523, 1070820, 1126899, 5569230]
1426	[1029743, 1106523, 1070820, 1126899, 916122]
1427	[1029743, 1106523, 1126899, 1070820, 916122]
1428	[1029743, 1106523, 1126899, 1070820, 916122]
1429	[1029743, 1106523, 1126899, 1070820, 1004906]
1430	[1029743, 1126899, 1106523, 5569230, 916122]
1431	[1029743, 1106523, 1070820, 1126899, 916122]
1432	[1029743, 1126899, 1106523, 1070820, 916122]
1433	[1029743, 1106523, 1126899, 1070820, 916122]
1434	[1029743, 1106523, 1126899, 1070820, 916122]
1435	[1029743, 1106523, 1126899, 1070820, 916122]
1436	[1029743, 1106523, 1126899, 1070820, 916122]
1437	[1029743, 1106523, 1070820, 1126899, 1004906]
1440	[1029743, 1106523, 1126899, 1070820, 916122]
1441	[1029743, 1126899, 1106523, 1070820, 916122]
1443	[1029743, 1070820, 1106523, 1126899, 1004906]
1445	[1029743, 1106523, 1070820, 1126899, 5569230]
1446	[1029743, 1106523, 1070820, 1126899, 916122]
1447	[1029743, 1106523, 1126899, 1070820, 916122]
1449	[1029743, 1106523, 1126899, 1070820, 916122]
1451	[1029743, 1070820, 1106523, 1126899, 1004906]
1452	[1029743, 1106523, 1070820, 1126899, 1004906]
1453	[1029743, 1126899, 1106523, 1070820, 1004906]
1454	[1029743, 1106523, 5569230, 916122, 844179]
1457	[1029743, 1106523, 1126899, 1070820, 916122]
1458	[1029743, 1106523, 1126899, 1070820, 1063739]
1459	[1029743, 1106523, 1070820, 1126899, 916122]
1460	[1029743, 1106523, 1126899, 1070820, 936830]
1461	[1029743, 1106523, 1070820, 5569230, 916122]
1462	[1029743, 1070820, 1106523, 1126899, 1004906]
1463	[1029743, 1106523, 1126899, 1070820, 916122]
1464	[1029743, 1106523, 1070820, 1126899, 936830]
1465	[1029743, 1106523, 1126899, 1070820, 916122]
1467	[1029743, 1106523, 1070820, 1126899, 1004906]
1470	[1029743, 1106523, 1126899, 1070820, 1004906]
1473	[1029743, 1126899, 1070820, 1106523, 5569230]
1474	[1029743, 1106523, 1126899, 1070820, 1004906]
1475	[1029743, 1070820, 1106523, 1126899, 1004906]
1476	[1029743, 1126899, 1070820, 1106523, 916122]
1477	[1029743, 1106523, 1126899, 1070820, 916122]
1479	[1029743, 1106523, 1070820, 5569230, 916122]
1481	[1029743, 1106523, 1070820, 1126899, 916122]
1482	[1029743, 1106523, 1126899, 1070820, 916122]
1483	[1029743, 1106523, 1070820, 1126899, 916122]
1484	[1029743, 1106523, 1126899, 1070820, 974766]
1485	[1029743, 1106523, 1070820, 1126899, 1004906]
1486	[1029743, 1126899, 1070820, 1106523, 916122]
1487	[1029743, 1106523, 1070820, 1126899, 916122]
1488	[1029743, 1126899, 1106523, 1070820, 1004906]
1489	[1029743, 1106523, 1126899, 1070820, 5569230]
1490	[1029743, 1106523, 1126899, 1070820, 916122]
1491	[1029743, 1106523, 5569230, 916122, 844179]
1492	[1029743, 1106523, 1126899, 1070820, 916122]
1493	[1029743, 1106523, 1126899, 1070820, 916122]
1494	[1029743, 1106523, 1070820, 1126899, 916122]
1495	[1029743, 1106523, 1070820, 1126899, 916122]
1497	[1029743, 1126899, 1106523, 1070820, 916122]
1498	[1029743, 1070820, 1126899, 1106523, 916122]
1499	[1029743, 1070820, 1106523, 1126899, 916122]
1500	[1029743, 1106523, 1070820, 1126899, 916122]
1501	[1029743, 1070820, 1106523, 1126899, 5569230]
1502	[1029743, 1070820, 1126899, 1106523, 916122]
1503	[1029743, 1106523, 1126899, 1070820, 916122]
1505	[1029743, 1106523, 1126899, 1070820, 1004906]
1506	[1029743, 1106523, 1126899, 1070820, 916122]
1507	[1029743, 1106523, 1070820, 1126899, 916122]
1508	[1029743, 1126899, 1106523, 1070820, 916122]
1509	[1029743, 1106523, 1126899, 5569230, 916122]
1510	[1029743, 1106523, 1070820, 1126899, 1056212]
1511	[1029743, 1106523, 1070820, 1126899, 916122]
1512	[1029743, 1106523, 1070820, 1126899, 916122]
1513	[1029743, 1106523, 1070820, 1126899, 1112825]
1514	[1029743, 1126899, 1106523, 1070820, 916122]
1515	[1029743, 1106523, 1070820, 1126899, 1028891]
1517	[1029743, 1070820, 1106523, 1126899, 5569230]
1518	[1029743, 1106523, 1070820, 1126899, 916122]
1519	[1029743, 1070820, 1106523, 5569230, 916122]
1520	[1029743, 1126899, 1106523, 1070820, 916122]
1522	[1029743, 1106523, 1126899, 1070820, 916122]
1524	[1029743, 1126899, 1070820, 1106523, 1004906]
1525	[1029743, 1106523, 1126899, 1070820, 916122]
1526	[1029743, 1106523, 1126899, 1070820, 916122]
1527	[1029743, 1106523, 5569230, 916122, 844179]
1528	[1029743, 1106523, 5569230, 916122, 844179]
1529	[1029743, 1106523, 1126899, 1070820, 1004906]
1530	[1029743, 1126899, 1106523, 1070820, 936830]
1531	[1029743, 1126899, 1106523, 1070820, 916122]
1532	[1029743, 1106523, 1070820, 1126899, 916122]
1533	[1029743, 1070820, 1126899, 1106523, 916122]
1534	[1029743, 1070820, 1106523, 1126899, 1004906]
1535	[1029743, 1106523, 1070820, 1126899, 5569230]
1536	[1029743, 1126899, 1106523, 1070820, 1004906]
1537	[1029743, 1106523, 1126899, 1070820, 857503]
1540	[1029743, 1106523, 1070820, 1126899, 1004906]
1541	[1029743, 1106523, 5569230, 916122, 844179]
1542	[1029743, 1106523, 1126899, 1070820, 916122]
1543	[1029743, 1106523, 1070820, 1126899, 916122]
1545	[1029743, 1106523, 1070820, 5569230, 916122]
1546	[1029743, 1106523, 1126899, 1070820, 916122]
1547	[1029743, 1126899, 1106523, 1070820, 936830]
1548	[1029743, 1126899, 1106523, 1070820, 916122]
1549	[1029743, 1106523, 1126899, 1070820, 1004906]
1550	[1029743, 1106523, 1126899, 1070820, 916122]
1552	[1029743, 1106523, 1126899, 1070820, 916122]
1555	[1029743, 1106523, 1070820, 1126899, 916122]
1556	[1029743, 1106523, 1126899, 1070820, 1004906]
1557	[1106523, 1029743, 1070820, 1126899, 1004906]
1558	[1029743, 1106523, 1126899, 1070820, 1056212]
1559	[1029743, 1106523, 1126899, 1070820, 916122]
1560	[1029743, 1106523, 1126899, 1070820, 1021519]
1561	[1106523, 1029743, 1126899, 1070820, 916122]
1563	[1029743, 1126899, 1070820, 1106523, 5569230]
1564	[1029743, 1106523, 1126899, 1070820, 916122]
1566	[1029743, 1106523, 1126899, 1070820, 1004906]
1567	[1029743, 1106523, 1126899, 1070820, 1004906]
1568	[1029743, 1106523, 1126899, 1070820, 1126045]
1570	[1029743, 1106523, 1126899, 1070820, 1028891]
1571	[1029743, 1070820, 1106523, 1126899, 916122]
1572	[1029743, 1126899, 1106523, 1070820, 1004906]
1574	[1029743, 1106523, 1070820, 1126899, 916122]
1575	[1029743, 1070820, 1126899, 1106523, 916122]
1576	[1029743, 1106523, 1126899, 1070820, 916122]
1577	[1029743, 1106523, 1126899, 1070820, 5569230]
1578	[1029743, 1106523, 1070820, 1126899, 1004906]
1579	[1029743, 1106523, 1070820, 1126899, 916122]
1580	[1029743, 1106523, 1070820, 1126899, 916122]
1581	[1029743, 1070820, 1126899, 1106523, 916122]
1582	[1029743, 1126899, 1070820, 1106523, 916122]
1584	[1029743, 1106523, 1070820, 1126899, 936830]
1585	[1029743, 1126899, 1106523, 1070820, 1004906]
1586	[1029743, 1106523, 1126899, 1070820, 1065979]
1587	[1029743, 1106523, 1126899, 1070820, 916122]
1588	[1029743, 1106523, 1126899, 1070820, 1004906]
1589	[1029743, 1070820, 1106523, 1126899, 916122]
1590	[1029743, 1070820, 1106523, 1126899, 1028891]
1591	[1029743, 1070820, 1126899, 1106523, 1004906]
1592	[1029743, 1126899, 1070820, 1106523, 916122]
1593	[1029743, 1106523, 1070820, 1126899, 916122]
1594	[1029743, 1106523, 1070820, 1126899, 916122]
1595	[1029743, 1106523, 1126899, 1070820, 1004906]
1596	[1029743, 1106523, 1126899, 1070820, 916122]
1597	[1029743, 1106523, 1070820, 1126899, 916122]
1598	[1029743, 1106523, 1126899, 1070820, 5569230]
1599	[1029743, 1106523, 1070820, 1126899, 1044078]
1600	[1029743, 1106523, 1126899, 1070820, 916122]
1602	[1029743, 1070820, 1106523, 1126899, 936830]
1604	[1029743, 1106523, 1126899, 1070820, 1004906]
1605	[1029743, 1106523, 1126899, 1070820, 916122]
1606	[1029743, 1106523, 1070820, 1126899, 916122]
1607	[1029743, 1106523, 1126899, 1070820, 916122]
1609	[1029743, 1106523, 5569230, 916122, 844179]
1611	[1029743, 1106523, 1126899, 1070820, 916122]
1612	[1029743, 1126899, 1070820, 1106523, 1056212]
1613	[1029743, 1106523, 1070820, 1126899, 1028891]
1614	[1029743, 1106523, 1126899, 1070820, 1063739]
1616	[1029743, 1106523, 1070820, 1126899, 936830]
1618	[1029743, 1070820, 1106523, 1126899, 1004906]
1619	[1029743, 1106523, 1126899, 1070820, 916122]
1620	[1029743, 1106523, 1126899, 5569230, 916122]
1621	[1029743, 1106523, 5569230, 916122, 844179]
1622	[1029743, 1070820, 1106523, 5569230, 916122]
1623	[1029743, 1106523, 1070820, 1126899, 916122]
1624	[1029743, 1106523, 1126899, 1070820, 916122]
1625	[1029743, 1106523, 1126899, 1070820, 916122]
1627	[1029743, 1106523, 1126899, 1070820, 5569230]
1629	[1029743, 1106523, 1126899, 1070820, 916122]
1630	[1029743, 1106523, 1070820, 5569230, 916122]
1631	[1029743, 1106523, 1126899, 1070820, 5569230]
1633	[1029743, 1106523, 1070820, 5569230, 916122]
1634	[1029743, 1070820, 1106523, 1126899, 1004906]
1635	[1029743, 1106523, 1126899, 1070820, 916122]
1637	[1029743, 1126899, 1106523, 1070820, 916122]
1638	[1029743, 1126899, 1106523, 1070820, 916122]
1639	[1029743, 1106523, 1126899, 1070820, 916122]
1640	[1029743, 1106523, 1070820, 1126899, 1044078]
1642	[1029743, 1106523, 1070820, 1126899, 5569230]
1643	[1029743, 1106523, 1126899, 1070820, 916122]
1644	[1029743, 1070820, 1106523, 1126899, 916122]
1648	[1029743, 1106523, 1070820, 1126899, 1004906]
1649	[1029743, 1126899, 1070820, 1106523, 1004906]
1650	[1029743, 1106523, 1070820, 1126899, 1004906]
1651	[1029743, 1070820, 1126899, 1106523, 916122]
1652	[1029743, 1106523, 1126899, 1070820, 916122]
1653	[1029743, 1106523, 1070820, 1126899, 1004906]
1654	[1029743, 1106523, 1070820, 1126899, 916122]
1656	[1029743, 1106523, 1126899, 1070820, 916122]
1657	[1029743, 1106523, 1126899, 1070820, 916122]
1658	[1029743, 1106523, 1126899, 1070820, 916122]
1659	[1029743, 1106523, 1126899, 1070820, 916122]
1660	[1029743, 1106523, 1126899, 1070820, 916122]
1661	[1029743, 1126899, 1070820, 1106523, 916122]
1662	[1029743, 1126899, 1070820, 1106523, 5569230]
1663	[1029743, 1070820, 1106523, 1126899, 916122]
1664	[1029743, 1106523, 1070820, 1126899, 916122]
1665	[1029743, 1106523, 1126899, 1070820, 916122]
1666	[1029743, 1106523, 1126899, 1070820, 916122]
1667	[1029743, 1070820, 1126899, 1106523, 916122]
1668	[1029743, 1106523, 1070820, 1126899, 916122]
1669	[1029743, 1126899, 1070820, 1106523, 916122]
1671	[1029743, 1126899, 1106523, 1070820, 916122]
1672	[1029743, 1106523, 1126899, 1070820, 916122]
1673	[1029743, 1106523, 1126899, 1070820, 916122]
1676	[1029743, 1070820, 1126899, 1106523, 1004906]
1677	[1029743, 1106523, 1070820, 1126899, 5569230]
1678	[1029743, 1106523, 1126899, 1070820, 1004906]
1679	[1029743, 1106523, 1126899, 1070820, 916122]
1681	[1029743, 1106523, 1070820, 1126899, 916122]
1683	[1029743, 1070820, 1106523, 1126899, 916122]
1684	[1029743, 1106523, 1126899, 1070820, 1063739]
1685	[1029743, 1106523, 1126899, 1070820, 936830]
1686	[1029743, 1106523, 1070820, 1126899, 1004906]
1687	[1029743, 1126899, 1106523, 1070820, 7409622]
1689	[1029743, 1106523, 1126899, 1070820, 1004906]
1690	[1029743, 1106523, 1126899, 1070820, 916122]
1691	[1029743, 1106523, 1126899, 1070820, 936830]
1692	[1029743, 1106523, 1070820, 1126899, 1004906]
1693	[1029743, 1126899, 1106523, 5569230, 916122]
1694	[1029743, 1106523, 1126899, 1070820, 1004906]
1695	[1029743, 1106523, 1126899, 1070820, 1004906]
1696	[1029743, 1126899, 1070820, 1106523, 1004906]
1697	[1029743, 1106523, 1070820, 1126899, 916122]
1698	[1029743, 1106523, 1126899, 1070820, 916122]
1699	[1029743, 1106523, 1070820, 1126899, 916122]
1700	[1029743, 1106523, 1070820, 1126899, 916122]
1702	[1029743, 1106523, 1070820, 1126899, 916122]
1703	[1106523, 1029743, 1126899, 5569230, 916122]
1704	[1029743, 1106523, 1126899, 1070820, 916122]
1705	[1029743, 1106523, 1126899, 1070820, 1028891]
1707	[1029743, 1106523, 1126899, 1070820, 1004906]
1708	[1029743, 1106523, 1070820, 1126899, 1004906]
1709	[1029743, 1106523, 1070820, 1126899, 1004906]
1710	[1029743, 1106523, 1126899, 1070820, 1004906]
1712	[1029743, 1126899, 1106523, 1070820, 916122]
1713	[1029743, 1106523, 1126899, 1070820, 936830]
1715	[1029743, 1070820, 1106523, 1126899, 916122]
1716	[1029743, 1106523, 1070820, 1126899, 916122]
1717	[1029743, 1106523, 1070820, 1126899, 5569230]
1718	[1029743, 1070820, 1106523, 1126899, 916122]
1719	[1029743, 1070820, 1126899, 1106523, 5569230]
1720	[1029743, 1126899, 1070820, 1106523, 5569230]
1721	[1029743, 1106523, 1126899, 1070820, 916122]
1722	[1029743, 1126899, 1106523, 1070820, 1004906]
1723	[1029743, 1106523, 1070820, 1126899, 1112825]
1724	[1029743, 1126899, 1106523, 1070820, 916122]
1726	[1029743, 1070820, 1126899, 1106523, 916122]
1728	[1029743, 1106523, 1070820, 1126899, 916122]
1729	[1029743, 1106523, 1070820, 1126899, 916122]
1731	[1029743, 1126899, 1106523, 1070820, 916122]
1732	[1029743, 1106523, 1070820, 1126899, 5569230]
1733	[1029743, 1106523, 1070820, 1126899, 916122]
1735	[1029743, 1106523, 1126899, 1070820, 916122]
1736	[1029743, 1070820, 1106523, 1126899, 916122]
1737	[1029743, 1106523, 1126899, 1070820, 916122]
1738	[1029743, 1106523, 1070820, 1126899, 916122]
1739	[1106523, 1029743, 1126899, 1070820, 916122]
1740	[1029743, 1070820, 1106523, 1126899, 8203834]
1741	[1106523, 1029743, 1126899, 1070820, 916122]
1742	[1029743, 1106523, 1126899, 1070820, 1044078]
1744	[1106523, 1029743, 1126899, 1070820, 5569230]
1745	[1106523, 1029743, 1126899, 1070820, 1004906]
1746	[1029743, 1106523, 1070820, 1126899, 916122]
1747	[1029743, 1106523, 1126899, 1070820, 916122]
1748	[1029743, 1106523, 5569230, 916122, 844179]
1749	[1029743, 1106523, 1070820, 1126899, 916122]
1751	[1029743, 1070820, 1106523, 1126899, 1004906]
1752	[1029743, 1106523, 1070820, 1126899, 916122]
1753	[1029743, 1106523, 1070820, 1126899, 1004906]
1754	[1029743, 1106523, 1070820, 1126899, 916122]
1755	[1029743, 1106523, 1070820, 1126899, 1044078]
1758	[1029743, 1126899, 1106523, 1070820, 916122]
1759	[1029743, 1126899, 1106523, 1070820, 1004906]
1760	[1029743, 1106523, 1070820, 1126899, 916122]
1761	[1029743, 1106523, 1070820, 1126899, 916122]
1762	[1029743, 1106523, 1126899, 1070820, 1004906]
1763	[1106523, 1029743, 1126899, 1070820, 916122]
1764	[1029743, 1126899, 1106523, 5569230, 916122]
1765	[1029743, 1106523, 1070820, 1126899, 5569230]
1766	[1029743, 1106523, 1126899, 1070820, 916122]
1767	[1029743, 1106523, 1070820, 1126899, 916122]
1768	[1029743, 1070820, 1106523, 1126899, 916122]
1769	[1029743, 1106523, 1070820, 1126899, 916122]
1770	[1029743, 1106523, 1126899, 1070820, 936830]
1772	[1029743, 1106523, 1070820, 1126899, 936830]
1773	[1029743, 1126899, 1070820, 1106523, 916122]
1774	[1029743, 1106523, 1070820, 1126899, 5569230]
1775	[1029743, 1126899, 1106523, 1070820, 1004906]
1776	[1029743, 1106523, 1126899, 1070820, 916122]
1777	[1029743, 1126899, 1106523, 1070820, 916122]
1778	[1029743, 1106523, 1126899, 1070820, 1004906]
1779	[1029743, 1070820, 1106523, 1126899, 945909]
1780	[1029743, 1106523, 1126899, 1070820, 916122]
1781	[1029743, 1070820, 1106523, 1126899, 916122]
1782	[1029743, 1106523, 1070820, 1126899, 1021519]
1783	[1029743, 1126899, 1070820, 1106523, 5569230]
1785	[1029743, 1126899, 1070820, 1106523, 1004906]
1788	[1029743, 1070820, 1106523, 1126899, 1004906]
1790	[1029743, 1126899, 1106523, 1070820, 916122]
1791	[1029743, 1106523, 1126899, 1070820, 1004906]
1792	[1029743, 1106523, 1070820, 1126899, 5569230]
1794	[1029743, 1106523, 1070820, 1126899, 916122]
1795	[1029743, 1070820, 1106523, 5569230, 916122]
1796	[1029743, 1106523, 1126899, 1070820, 1109014]
1797	[1029743, 1106523, 1126899, 1070820, 916122]
1798	[1029743, 1106523, 1126899, 1070820, 916122]
1800	[1029743, 1126899, 1070820, 1106523, 1004906]
1801	[1029743, 1106523, 1070820, 1126899, 916122]
1802	[1029743, 1106523, 1070820, 1126899, 1004906]
1803	[1029743, 1106523, 1126899, 1070820, 857503]
1804	[1029743, 1106523, 1126899, 1070820, 916122]
1806	[1029743, 1106523, 1126899, 1070820, 916122]
1807	[1029743, 1126899, 1106523, 1070820, 1112825]
1808	[1029743, 1106523, 1126899, 1070820, 916122]
1809	[1029743, 1106523, 1126899, 1070820, 916122]
1810	[1029743, 1106523, 1070820, 5569230, 916122]
1811	[1029743, 1106523, 1126899, 1070820, 916122]
1812	[1029743, 1106523, 1070820, 1126899, 1004906]
1815	[1029743, 1106523, 1070820, 1126899, 1004906]
1816	[1029743, 1070820, 1106523, 1126899, 892573]
1817	[1029743, 1106523, 1070820, 1126899, 916122]
1818	[1029743, 1106523, 1126899, 1070820, 1021519]
1819	[1029743, 1106523, 1126899, 1070820, 916122]
1820	[1029743, 1070820, 1126899, 1106523, 1004906]
1821	[1029743, 1106523, 5569230, 916122, 844179]
1822	[1029743, 1106523, 1070820, 1126899, 945909]
1823	[1029743, 1070820, 1106523, 5569230, 916122]
1824	[1029743, 1106523, 1126899, 5569230, 916122]
1826	[1029743, 1106523, 1126899, 1070820, 916122]
1827	[1029743, 1106523, 1126899, 1070820, 916122]
1829	[1029743, 1106523, 1126899, 1070820, 914753]
1831	[1029743, 1070820, 1106523, 1126899, 916122]
1832	[1029743, 1106523, 1126899, 1070820, 916122]
1833	[1029743, 1106523, 1070820, 1126899, 1004906]
1834	[1029743, 1106523, 1126899, 1070820, 1004906]
1835	[1029743, 1106523, 1126899, 1070820, 916122]
1836	[1029743, 1126899, 1106523, 1070820, 916122]
1837	[1029743, 1070820, 1126899, 1106523, 936830]
1838	[1029743, 1106523, 1126899, 1070820, 1056212]
1839	[1029743, 1106523, 1126899, 5569230, 916122]
1841	[1029743, 1106523, 1126899, 1070820, 1004906]
1843	[1029743, 1106523, 1126899, 1070820, 916122]
1844	[1029743, 1106523, 1126899, 1070820, 1004906]
1845	[1029743, 1126899, 1106523, 5569230, 916122]
1846	[1029743, 1106523, 1126899, 1070820, 916122]
1847	[1029743, 1070820, 1106523, 1126899, 1004906]
1848	[1029743, 1106523, 1126899, 1070820, 1004906]
1849	[1029743, 1106523, 1126899, 1070820, 5569230]
1850	[1029743, 1126899, 1070820, 1106523, 974766]
1852	[1029743, 1106523, 1070820, 1126899, 916122]
1853	[1029743, 1106523, 1126899, 1070820, 916122]
1854	[1029743, 1126899, 1070820, 1106523, 916122]
1855	[1029743, 1106523, 1126899, 1070820, 916122]
1856	[1029743, 1070820, 1126899, 1106523, 1028891]
1857	[1029743, 1106523, 1070820, 1126899, 916122]
1858	[1029743, 1126899, 1106523, 1070820, 1004906]
1859	[1029743, 1126899, 1070820, 1106523, 916122]
1860	[1029743, 1106523, 1070820, 1126899, 916122]
1861	[1029743, 1106523, 1070820, 1126899, 1004906]
1862	[1029743, 1070820, 1106523, 1126899, 916122]
1864	[1029743, 1126899, 1070820, 1106523, 1004906]
1865	[1070820, 1029743, 1106523, 1126899, 1004906]
1867	[1029743, 1126899, 1070820, 1106523, 916122]
1869	[1029743, 1126899, 1106523, 1070820, 8203834]
1870	[1070820, 1029743, 1106523, 1126899, 916122]
1871	[1029743, 1106523, 1126899, 1070820, 916122]
1872	[1029743, 1126899, 1070820, 1106523, 916122]
1873	[1029743, 1106523, 1126899, 1070820, 1004906]
1874	[1029743, 1106523, 1126899, 1070820, 1028891]
1875	[1029743, 1106523, 1070820, 1126899, 916122]
1877	[1029743, 1106523, 1126899, 1070820, 916122]
1879	[1029743, 1106523, 1126899, 1070820, 916122]
1881	[1029743, 1106523, 1126899, 1070820, 916122]
1882	[1029743, 1070820, 1106523, 1126899, 916122]
1883	[1029743, 1106523, 1070820, 1126899, 916122]
1884	[1029743, 1126899, 1106523, 1070820, 916122]
1885	[1029743, 1070820, 1106523, 1126899, 916122]
1887	[1029743, 1126899, 1070820, 1106523, 916122]
1890	[1029743, 1126899, 1070820, 1106523, 936830]
1891	[1029743, 1106523, 1070820, 1126899, 916122]
1892	[1029743, 1106523, 1126899, 1070820, 1004906]
1893	[1029743, 1106523, 1126899, 1070820, 916122]
1894	[1029743, 1106523, 1070820, 1126899, 1004906]
1895	[1029743, 1106523, 1126899, 1070820, 916122]
1896	[1029743, 1106523, 1070820, 1126899, 1004906]
1898	[1029743, 1106523, 1126899, 1070820, 916122]
1899	[1029743, 1106523, 1070820, 5569230, 916122]
1900	[1029743, 1070820, 1106523, 1126899, 916122]
1901	[1029743, 1106523, 1126899, 1070820, 1004906]
1902	[1029743, 1106523, 1126899, 1070820, 916122]
1903	[1029743, 1106523, 1126899, 1070820, 916122]
1905	[1029743, 1106523, 1070820, 1126899, 916122]
1906	[1029743, 1106523, 1126899, 1070820, 1044078]
1907	[1029743, 1106523, 1070820, 1126899, 1004906]
1911	[1029743, 1070820, 1106523, 1126899, 1004906]
1912	[1029743, 1106523, 1070820, 1126899, 916122]
1914	[1029743, 1106523, 1126899, 1070820, 894439]
1916	[1029743, 1106523, 1126899, 1070820, 916122]
1917	[1029743, 1106523, 1126899, 1070820, 936830]
1918	[1029743, 1106523, 1126899, 1070820, 916122]
1919	[1029743, 1106523, 1126899, 1070820, 1004906]
1920	[1029743, 1070820, 1126899, 1106523, 8203834]
1921	[1029743, 1106523, 1126899, 1070820, 1004906]
1922	[1029743, 1126899, 1070820, 1106523, 916122]
1923	[1029743, 1126899, 1070820, 1106523, 974766]
1924	[1029743, 1106523, 1070820, 1126899, 916122]
1925	[1029743, 1106523, 1126899, 1070820, 936830]
1926	[1029743, 1106523, 1070820, 1126899, 1004906]
1927	[1029743, 1106523, 1126899, 1070820, 5569230]
1928	[1029743, 1070820, 1106523, 1126899, 1004906]
1929	[1029743, 1106523, 1126899, 1070820, 1004906]
1930	[1029743, 1106523, 1126899, 1070820, 916122]
1931	[1029743, 1106523, 1070820, 1126899, 1004906]
1933	[1029743, 1106523, 1126899, 1070820, 916122]
1935	[1126899, 1029743, 1106523, 5569230, 916122]
1936	[1029743, 1106523, 1070820, 5569230, 916122]
1937	[1029743, 1070820, 1106523, 1126899, 1004906]
1938	[1029743, 1126899, 1106523, 1070820, 916122]
1939	[1029743, 1106523, 1126899, 1070820, 1004906]
1940	[1029743, 1070820, 1126899, 1106523, 1063739]
1941	[1029743, 1106523, 1126899, 1070820, 916122]
1942	[1029743, 1106523, 1070820, 1126899, 5569230]
1943	[1029743, 1106523, 1070820, 1126899, 1044078]
1944	[1029743, 1070820, 1106523, 5569230, 916122]
1945	[1029743, 1070820, 1106523, 1126899, 916122]
1946	[1029743, 1070820, 1106523, 1126899, 5569230]
1947	[1029743, 1126899, 1106523, 5569230, 916122]
1948	[1029743, 1106523, 1126899, 1070820, 1004906]
1949	[1029743, 1106523, 1126899, 1070820, 1004906]
1950	[1029743, 1106523, 1126899, 1070820, 916122]
1951	[1029743, 1106523, 1126899, 1070820, 916122]
1952	[1029743, 1106523, 1126899, 1070820, 916122]
1953	[1029743, 1106523, 1126899, 1070820, 1004906]
1954	[1029743, 1106523, 1126899, 1070820, 916122]
1955	[1029743, 1106523, 1126899, 1070820, 1004906]
1956	[1029743, 1126899, 1070820, 1106523, 916122]
1957	[1029743, 1106523, 1070820, 5569230, 916122]
1960	[1029743, 1106523, 1070820, 1126899, 1021519]
1961	[1029743, 1106523, 1126899, 1070820, 916122]
1962	[1029743, 1106523, 1126899, 1070820, 914753]
1963	[1029743, 1106523, 1070820, 1126899, 916122]
1964	[1029743, 1126899, 1106523, 1070820, 916122]
1965	[1029743, 1106523, 1126899, 1070820, 1004906]
1966	[1029743, 1070820, 1106523, 1126899, 916122]
1967	[1029743, 1070820, 1106523, 1126899, 916122]
1968	[1029743, 1106523, 1070820, 1126899, 916122]
1969	[1029743, 1106523, 1126899, 5569230, 916122]
1970	[1029743, 1106523, 1126899, 1070820, 916122]
1971	[1029743, 1070820, 1106523, 1126899, 916122]
1972	[1029743, 1106523, 1070820, 1126899, 916122]
1975	[1029743, 1070820, 1126899, 1106523, 1092588]
1976	[1029743, 1106523, 1126899, 1070820, 1004906]
1978	[1029743, 1106523, 1126899, 1070820, 916122]
1979	[1029743, 1106523, 1126899, 1070820, 1004906]
1980	[1029743, 1106523, 1126899, 1070820, 12171656]
1981	[1029743, 1126899, 1070820, 1106523, 916122]
1982	[1029743, 1106523, 1126899, 1070820, 1004906]
1983	[1029743, 1126899, 1106523, 1070820, 916122]
1985	[1029743, 1106523, 5569230, 916122, 844179]
1988	[1106523, 1029743, 5569230, 916122, 844179]
1989	[1029743, 1106523, 1070820, 1126899, 1021519]
1990	[1029743, 1106523, 5569230, 916122, 844179]
1991	[1106523, 1029743, 1126899, 1070820, 916122]
1992	[1029743, 1106523, 1070820, 1126899, 916122]
1993	[1029743, 1106523, 1070820, 1126899, 1112825]
1995	[1029743, 1106523, 5569230, 916122, 844179]
1996	[1029743, 1126899, 1070820, 1106523, 916122]
1997	[1029743, 1126899, 1070820, 1106523, 1004906]
1998	[1106523, 1029743, 1070820, 1126899, 5569230]
1999	[1029743, 1106523, 1126899, 1070820, 916122]
2000	[1029743, 1106523, 1126899, 1070820, 916122]
2002	[1029743, 1106523, 1070820, 1126899, 5569230]
2003	[1029743, 1106523, 1126899, 1070820, 916122]
2004	[1029743, 1106523, 1070820, 1126899, 1004906]
2005	[1029743, 1106523, 1126899, 1070820, 916122]
2006	[1029743, 1106523, 1070820, 1126899, 1004906]
2007	[1029743, 1106523, 1070820, 5569230, 916122]
2008	[1029743, 1126899, 1106523, 1070820, 936830]
2010	[1029743, 1106523, 1126899, 1070820, 936830]
2011	[1029743, 1126899, 1106523, 1070820, 1004906]
2012	[1029743, 1106523, 5569230, 916122, 844179]
2014	[1029743, 1106523, 1070820, 1126899, 916122]
2015	[1029743, 1106523, 1126899, 1070820, 5569230]
2017	[1029743, 1126899, 1070820, 1106523, 1004906]
2018	[1029743, 1106523, 1126899, 1070820, 1004906]
2019	[1029743, 1106523, 1070820, 5569230, 916122]
2020	[1029743, 1106523, 1070820, 1126899, 1004906]
2021	[1029743, 1106523, 1126899, 1070820, 916122]
2022	[1029743, 1070820, 1106523, 1126899, 5569230]
2023	[1029743, 1126899, 1106523, 1070820, 1004906]
2024	[1029743, 1126899, 1106523, 1070820, 1004906]
2025	[1029743, 1106523, 1126899, 1070820, 916122]
2027	[1029743, 1106523, 1070820, 1126899, 916122]
2028	[1029743, 1106523, 1126899, 1070820, 936830]
2029	[1029743, 1106523, 1070820, 1126899, 916122]
2030	[1029743, 1106523, 1126899, 1070820, 1004906]
2033	[1029743, 1106523, 1070820, 1126899, 916122]
2034	[1029743, 1126899, 1106523, 1070820, 1056212]
2035	[1029743, 1106523, 1070820, 1126899, 916122]
2036	[1029743, 1126899, 1106523, 1070820, 5569230]
2037	[1029743, 1106523, 1070820, 1126899, 1028891]
2038	[1029743, 1106523, 1070820, 1126899, 916122]
2041	[1029743, 1126899, 1106523, 1070820, 1063739]
2043	[1029743, 1106523, 1070820, 1126899, 916122]
2045	[1029743, 1126899, 1106523, 1070820, 916122]
2047	[1029743, 1106523, 1126899, 1070820, 1028891]
2048	[1029743, 1106523, 1070820, 1126899, 5569230]
2049	[1029743, 1126899, 1106523, 1070820, 916122]
2050	[1029743, 1106523, 1126899, 1070820, 1004906]
2053	[1029743, 1106523, 5569230, 916122, 844179]
2055	[1029743, 1070820, 1106523, 1126899, 916122]
2056	[1106523, 1029743, 1126899, 1070820, 916122]
2057	[1029743, 1106523, 1070820, 1126899, 1004906]
2058	[1029743, 1070820, 1126899, 1106523, 1004906]
2060	[1029743, 1106523, 1126899, 1070820, 916122]
2062	[1029743, 1106523, 1070820, 1126899, 1004906]
2063	[1029743, 1106523, 1070820, 1126899, 6904613]
2064	[1029743, 1106523, 1070820, 1126899, 1056212]
2065	[1029743, 1106523, 1126899, 1070820, 916122]
2068	[1029743, 1070820, 1106523, 1126899, 974766]
2069	[1029743, 1106523, 1070820, 1126899, 1004906]
2070	[1029743, 1106523, 1126899, 1070820, 1004906]
2071	[1029743, 1106523, 1126899, 1070820, 916122]
2075	[1029743, 1106523, 1126899, 1070820, 916122]
2076	[1029743, 1070820, 1106523, 1126899, 1004906]
2077	[1029743, 1106523, 1070820, 1126899, 916122]
2078	[1029743, 1106523, 1126899, 1070820, 916122]
2079	[1029743, 1106523, 1070820, 1126899, 5569230]
2080	[1029743, 1106523, 1126899, 1070820, 916122]
2082	[1029743, 1106523, 1070820, 1126899, 1004906]
2083	[1029743, 1070820, 1106523, 1126899, 916122]
2084	[1029743, 1106523, 1126899, 1070820, 916122]
2085	[1029743, 1106523, 1126899, 1070820, 1004906]
2086	[1029743, 1106523, 5569230, 916122, 844179]
2087	[1029743, 1106523, 1070820, 1126899, 1004906]
2088	[1029743, 1106523, 1070820, 1126899, 1004906]
2089	[1126899, 1106523, 1029743, 1070820, 916122]
2090	[1029743, 1106523, 1126899, 1070820, 916122]
2093	[1029743, 1106523, 1126899, 1070820, 916122]
2094	[1029743, 1070820, 1106523, 1126899, 1004906]
2095	[1029743, 1106523, 1070820, 1126899, 916122]
2097	[1029743, 1106523, 1070820, 1126899, 1004906]
2098	[1029743, 1070820, 1126899, 1106523, 916122]
2100	[1029743, 1106523, 1126899, 1070820, 974766]
2101	[1029743, 1106523, 1126899, 1070820, 916122]
2102	[1029743, 1106523, 1126899, 1070820, 1021519]
2104	[1029743, 1106523, 1126899, 1070820, 916122]
2107	[1029743, 1106523, 1070820, 1126899, 5569230]
2108	[1029743, 1106523, 1070820, 1126899, 916122]
2109	[1029743, 1106523, 1126899, 1070820, 1044078]
2110	[1029743, 1106523, 5569230, 916122, 844179]
2112	[1029743, 1106523, 1126899, 1070820, 1004906]
2113	[1029743, 1106523, 1070820, 1126899, 916122]
2114	[1029743, 1126899, 1070820, 1106523, 916122]
2115	[1029743, 1070820, 1106523, 5569230, 916122]
2116	[1029743, 1070820, 1106523, 1126899, 1004906]
2117	[1029743, 1106523, 1070820, 1126899, 1044078]
2119	[1029743, 1106523, 1070820, 1126899, 1004906]
2121	[1029743, 1106523, 1070820, 1126899, 1109014]
2122	[1029743, 1106523, 1126899, 1070820, 916122]
2123	[1029743, 1106523, 1070820, 1126899, 1004906]
2124	[1029743, 1106523, 1126899, 1070820, 1004906]
2125	[1029743, 1106523, 1070820, 1126899, 916122]
2126	[1029743, 1106523, 1070820, 1126899, 916122]
2129	[1029743, 1106523, 5569230, 916122, 844179]
2130	[1029743, 1106523, 1126899, 1070820, 1004906]
2131	[1029743, 1106523, 1126899, 1070820, 1028891]
2132	[1029743, 1106523, 1070820, 1126899, 916122]
2133	[1029743, 1126899, 1106523, 5569230, 916122]
2134	[1029743, 1106523, 1126899, 1070820, 1004906]
2135	[1029743, 1106523, 1126899, 1070820, 916122]
2136	[1029743, 1126899, 1070820, 1106523, 916122]
2137	[1029743, 1106523, 1126899, 1070820, 916122]
2138	[1029743, 1106523, 1070820, 1126899, 916122]
2139	[1029743, 1106523, 1070820, 1126899, 916122]
2140	[1029743, 1106523, 1070820, 1126899, 916122]
2141	[1029743, 1070820, 1106523, 5569230, 916122]
2142	[1029743, 1106523, 1126899, 5569230, 916122]
2143	[1029743, 1106523, 1126899, 1070820, 916122]
2146	[1029743, 1106523, 1126899, 1070820, 916122]
2147	[1029743, 1106523, 1126899, 1070820, 1004906]
2148	[1029743, 1106523, 1126899, 1070820, 916122]
2149	[1106523, 1029743, 1126899, 1070820, 1056212]
2151	[1029743, 1106523, 1126899, 1070820, 916122]
2152	[1126899, 1029743, 1106523, 1070820, 916122]
2153	[1029743, 1106523, 1070820, 1126899, 916122]
2154	[1029743, 1106523, 1126899, 1070820, 1004906]
2156	[1029743, 1106523, 1126899, 1070820, 1004906]
2158	[1029743, 1070820, 1106523, 1126899, 1004906]
2159	[1029743, 1106523, 1070820, 1126899, 916122]
2160	[1029743, 1106523, 1126899, 1070820, 916122]
2161	[1029743, 1126899, 1106523, 5569230, 916122]
2162	[1029743, 1106523, 1070820, 1126899, 1004906]
2163	[1029743, 1126899, 1106523, 1070820, 916122]
2165	[1029743, 1106523, 1126899, 1070820, 916122]
2168	[1029743, 1106523, 1070820, 1126899, 1004906]
2169	[1029743, 1126899, 1106523, 1070820, 916122]
2170	[1029743, 1106523, 1126899, 1070820, 916122]
2171	[1029743, 1106523, 1126899, 1070820, 916122]
2172	[1029743, 1070820, 1106523, 1126899, 5569230]
2173	[1029743, 1106523, 1070820, 1126899, 1004906]
2177	[1029743, 1070820, 1106523, 1126899, 916122]
2178	[1029743, 1126899, 1070820, 1106523, 916122]
2179	[1029743, 1106523, 1126899, 1070820, 1004906]
2180	[1029743, 1106523, 1070820, 1126899, 916122]
2181	[1029743, 1126899, 1106523, 1070820, 857503]
2183	[1029743, 1106523, 1070820, 1126899, 916122]
2184	[1029743, 1106523, 1070820, 1126899, 1004906]
2185	[1029743, 1106523, 1126899, 1070820, 1004906]
2186	[1029743, 1106523, 1070820, 5569230, 916122]
2187	[1029743, 1106523, 1070820, 1126899, 916122]
2188	[1029743, 1106523, 1070820, 1126899, 5569230]
2189	[1029743, 1106523, 1126899, 1070820, 1065979]
2190	[1029743, 1106523, 1126899, 1070820, 1004906]
2191	[1029743, 1106523, 1070820, 1126899, 1028891]
2193	[1029743, 1070820, 1106523, 1126899, 1004906]
2194	[1029743, 1106523, 1126899, 1070820, 916122]
2195	[1126899, 1029743, 1106523, 1070820, 916122]
2196	[1029743, 1070820, 1106523, 1126899, 1021519]
2197	[1029743, 1106523, 1070820, 1126899, 916122]
2198	[1029743, 1106523, 1126899, 1070820, 1004906]
2199	[1029743, 1126899, 1070820, 1106523, 936830]
2200	[1029743, 1106523, 1126899, 1070820, 1004906]
2202	[1029743, 1106523, 1126899, 1070820, 916122]
2203	[1029743, 1106523, 1070820, 1126899, 1004906]
2204	[1029743, 1106523, 1070820, 1126899, 916122]
2205	[1029743, 1126899, 1070820, 1106523, 1028891]
2206	[1029743, 1106523, 1126899, 1070820, 916122]
2207	[1029743, 1106523, 1070820, 1126899, 1065979]
2208	[1029743, 1106523, 1070820, 1126899, 1004906]
2209	[1029743, 1106523, 1126899, 1070820, 5569230]
2211	[1029743, 1126899, 1070820, 1106523, 936830]
2215	[1029743, 1106523, 1070820, 1126899, 916122]
2216	[1070820, 1029743, 1106523, 1126899, 916122]
2217	[1029743, 1070820, 1126899, 1106523, 1092588]
2218	[1029743, 1106523, 1126899, 1070820, 916122]
2221	[1029743, 1126899, 1106523, 1070820, 916122]
2222	[1029743, 1106523, 1126899, 1070820, 1044078]
2223	[1029743, 1106523, 1126899, 1070820, 916122]
2224	[1029743, 1106523, 1070820, 1126899, 916122]
2225	[1029743, 1126899, 1070820, 1106523, 916122]
2226	[1029743, 1106523, 1126899, 1070820, 916122]
2227	[1029743, 1106523, 1126899, 1070820, 916122]
2229	[1029743, 1070820, 1106523, 1126899, 936830]
2230	[1029743, 1070820, 1106523, 1126899, 916122]
2231	[1029743, 1126899, 1106523, 1070820, 1004906]
2233	[1029743, 1070820, 1126899, 1106523, 1004906]
2234	[1029743, 1070820, 1106523, 1126899, 984315]
2235	[1029743, 1106523, 1126899, 1070820, 1004906]
2236	[1029743, 1106523, 1070820, 1126899, 916122]
2237	[1029743, 1106523, 1126899, 1070820, 1004906]
2238	[1029743, 1106523, 1070820, 1126899, 916122]
2239	[1029743, 1106523, 1070820, 1126899, 916122]
2240	[1029743, 1106523, 5569230, 916122, 844179]
2241	[1029743, 1106523, 1070820, 1126899, 916122]
2242	[1029743, 1106523, 1070820, 1126899, 916122]
2243	[1029743, 1106523, 1070820, 1126899, 1004906]
2244	[1029743, 1106523, 1126899, 1070820, 916122]
2245	[1029743, 1106523, 1126899, 1070820, 916122]
2247	[1029743, 1106523, 1126899, 5569230, 916122]
2248	[1029743, 1106523, 1126899, 1070820, 916122]
2250	[1029743, 1106523, 1070820, 1126899, 1004906]
2252	[1029743, 1106523, 5569230, 916122, 844179]
2256	[1029743, 1106523, 1126899, 1070820, 916122]
2257	[1106523, 1029743, 1126899, 1070820, 916122]
2258	[1029743, 1126899, 1106523, 1070820, 936830]
2260	[1029743, 1106523, 1070820, 1126899, 1004906]
2261	[1106523, 1029743, 1070820, 1126899, 5569230]
2262	[1029743, 1106523, 1126899, 1070820, 916122]
2263	[1029743, 1106523, 1070820, 1126899, 916122]
2264	[1126899, 1029743, 1106523, 5569230, 916122]
2266	[1029743, 1070820, 1106523, 1126899, 1004906]
2267	[1029743, 1126899, 1070820, 1106523, 916122]
2269	[1029743, 1106523, 1126899, 1070820, 974766]
2270	[1029743, 1106523, 1126899, 1070820, 916122]
2272	[1029743, 1106523, 1070820, 1126899, 916122]
2273	[1029743, 1106523, 1070820, 1126899, 916122]
2274	[1029743, 1106523, 1070820, 1126899, 916122]
2275	[1029743, 1106523, 1126899, 1070820, 916122]
2276	[1029743, 1126899, 1106523, 1070820, 916122]
2277	[1029743, 1106523, 1070820, 1126899, 916122]
2278	[1029743, 1070820, 1106523, 1126899, 916122]
2279	[1029743, 1106523, 1070820, 1126899, 1004906]
2280	[1029743, 1070820, 1126899, 1106523, 5569230]
2281	[1029743, 1126899, 1106523, 5569230, 916122]
2282	[1029743, 1070820, 1126899, 1106523, 974766]
2283	[1029743, 1106523, 1070820, 1126899, 916122]
2284	[1029743, 1070820, 1126899, 1106523, 1004906]
2285	[1029743, 1070820, 1126899, 1106523, 916122]
2287	[1029743, 1126899, 1106523, 1070820, 916122]
2289	[1029743, 1106523, 1126899, 1070820, 936830]
2290	[1029743, 1106523, 1070820, 1126899, 916122]
2291	[1029743, 1106523, 1126899, 1070820, 936830]
2292	[1029743, 1106523, 1126899, 1070820, 1004906]
2293	[1029743, 1070820, 1126899, 1106523, 916122]
2294	[1029743, 1106523, 1126899, 1070820, 1004906]
2295	[1029743, 1106523, 1126899, 1070820, 1004906]
2296	[1029743, 1106523, 1126899, 5569230, 916122]
2297	[1029743, 1106523, 1126899, 1070820, 916122]
2298	[1029743, 1106523, 1070820, 1126899, 5569230]
2299	[1029743, 1106523, 1126899, 1070820, 916122]
2300	[1029743, 1106523, 1070820, 1126899, 1004906]
2301	[1029743, 1106523, 1070820, 1126899, 916122]
2302	[1029743, 1106523, 1070820, 1126899, 1004906]
2303	[1029743, 1106523, 1070820, 1126899, 916122]
2305	[1029743, 1106523, 1126899, 1070820, 1004906]
2307	[1029743, 1106523, 1070820, 1126899, 1004906]
2309	[1029743, 1106523, 1126899, 1070820, 916122]
2310	[1029743, 1106523, 1070820, 1126899, 916122]
2311	[1029743, 1126899, 1106523, 1070820, 916122]
2312	[1029743, 1070820, 1126899, 1106523, 5569230]
2314	[1029743, 1126899, 1106523, 1070820, 1004906]
2317	[1029743, 1106523, 1070820, 1126899, 1004906]
2318	[1029743, 1106523, 1070820, 1126899, 1056212]
2319	[1029743, 1106523, 1070820, 1126899, 916122]
2320	[1029743, 1106523, 1126899, 1070820, 916122]
2321	[1029743, 1106523, 1126899, 1070820, 916122]
2322	[1029743, 1126899, 1106523, 1070820, 1004906]
2324	[1029743, 1106523, 1070820, 1126899, 1004906]
2326	[1029743, 1106523, 1126899, 1070820, 916122]
2328	[1029743, 1106523, 1070820, 1126899, 5569230]
2330	[1029743, 1106523, 1126899, 1070820, 1004906]
2331	[1029743, 1106523, 1070820, 1126899, 1004906]
2332	[1029743, 1106523, 1126899, 1070820, 916122]
2334	[1029743, 1106523, 5569230, 916122, 844179]
2335	[1029743, 1106523, 1126899, 1070820, 916122]
2336	[1029743, 1106523, 1126899, 1070820, 916122]
2337	[1029743, 1106523, 1126899, 1070820, 1138443]
2338	[1029743, 1106523, 1070820, 1126899, 916122]
2340	[1029743, 1106523, 1070820, 1126899, 916122]
2341	[1029743, 1106523, 1070820, 1126899, 1004906]
2342	[1029743, 1126899, 1106523, 1070820, 916122]
2343	[1029743, 1106523, 1126899, 1070820, 945909]
2344	[1029743, 1106523, 1070820, 1126899, 916122]
2345	[1029743, 1106523, 1070820, 1126899, 5569230]
2346	[1029743, 1126899, 1106523, 1070820, 916122]
2347	[1029743, 1106523, 1070820, 1126899, 1004906]
2348	[1029743, 1106523, 1126899, 1070820, 916122]
2349	[1029743, 1070820, 1106523, 1126899, 916122]
2351	[1029743, 1126899, 1106523, 1070820, 1004906]
2352	[1029743, 1106523, 1126899, 1070820, 916122]
2353	[1029743, 1106523, 1126899, 1070820, 916122]
2354	[1029743, 1126899, 1070820, 1106523, 936830]
2356	[1029743, 1106523, 1126899, 1070820, 916122]
2357	[1029743, 1106523, 1126899, 1070820, 916122]
2358	[1029743, 1106523, 1070820, 1126899, 1056212]
2359	[1029743, 1106523, 1070820, 1126899, 1004906]
2360	[1029743, 1106523, 1070820, 1126899, 1004906]
2361	[1029743, 1126899, 1106523, 1070820, 5569230]
2363	[1029743, 1070820, 1106523, 1126899, 916122]
2366	[1029743, 1106523, 1126899, 1070820, 916122]
2367	[1029743, 1106523, 1070820, 1126899, 1004906]
2369	[1029743, 1106523, 1070820, 5569230, 916122]
2370	[1029743, 1070820, 1106523, 1126899, 1004906]
2371	[1106523, 1029743, 1070820, 1126899, 916122]
2372	[1029743, 1106523, 1070820, 1126899, 1065979]
2374	[1029743, 1070820, 1106523, 1126899, 5569230]
2375	[1029743, 1106523, 1070820, 1126899, 916122]
2376	[1029743, 1106523, 1126899, 1070820, 1004906]
2377	[1029743, 1106523, 1126899, 1070820, 916122]
2378	[1029743, 1106523, 1070820, 5569230, 916122]
2379	[1029743, 1126899, 1106523, 1070820, 916122]
2380	[1029743, 1106523, 1070820, 1126899, 1004906]
2381	[1029743, 1106523, 1126899, 1070820, 1021519]
2382	[1029743, 1106523, 1126899, 1070820, 916122]
2385	[1029743, 1106523, 1126899, 1070820, 1021519]
2386	[1029743, 1070820, 1106523, 1126899, 916122]
2387	[1029743, 1126899, 1106523, 1070820, 916122]
2388	[1029743, 1106523, 1070820, 1126899, 916122]
2389	[1029743, 1106523, 1070820, 1126899, 916122]
2391	[1029743, 1106523, 1070820, 1126899, 916122]
2392	[1029743, 1106523, 1070820, 1126899, 916122]
2393	[1029743, 1126899, 1070820, 1106523, 1004906]
2394	[1029743, 1126899, 1106523, 1070820, 916122]
2395	[1029743, 1106523, 1070820, 1126899, 916122]
2396	[1029743, 1106523, 1070820, 1126899, 916122]
2397	[1029743, 1070820, 1106523, 1126899, 916122]
2398	[1029743, 1106523, 1126899, 1070820, 916122]
2400	[1029743, 1106523, 1070820, 1126899, 1004906]
2401	[1029743, 1106523, 1126899, 1070820, 916122]
2402	[1029743, 1106523, 1070820, 1126899, 1056212]
2403	[1029743, 1106523, 1126899, 1070820, 916122]
2405	[1029743, 1106523, 1126899, 1070820, 1004906]
2406	[1029743, 1126899, 1106523, 5569230, 916122]
2407	[1029743, 1106523, 1070820, 1126899, 1004906]
2408	[1029743, 1106523, 1070820, 1126899, 916122]
2410	[1029743, 1106523, 1070820, 1126899, 5569230]
2412	[1029743, 1106523, 1070820, 1126899, 5569230]
2413	[1029743, 1070820, 1106523, 1126899, 916122]
2414	[1029743, 1106523, 1126899, 1070820, 916122]
2415	[1029743, 1126899, 1070820, 1106523, 1028891]
2416	[1029743, 1106523, 1126899, 1070820, 7409618]
2418	[1029743, 1106523, 1070820, 5569230, 916122]
2419	[1029743, 1106523, 1070820, 1126899, 916122]
2420	[1029743, 1106523, 1070820, 1126899, 1004906]
2421	[1029743, 1126899, 1070820, 1106523, 5569230]
2423	[1029743, 1106523, 1070820, 1126899, 916122]
2424	[1029743, 1106523, 1126899, 1070820, 936830]
2426	[1029743, 1106523, 1070820, 1126899, 916122]
2427	[1029743, 1126899, 1106523, 1070820, 936830]
2428	[1029743, 1106523, 1126899, 1070820, 916122]
2429	[1029743, 1106523, 1126899, 1070820, 1028891]
2430	[1029743, 1106523, 1126899, 1070820, 916122]
2431	[1029743, 1106523, 1126899, 1070820, 916122]
2432	[1029743, 1106523, 1070820, 1126899, 916122]
2433	[1029743, 1106523, 1126899, 1070820, 916122]
2434	[1029743, 1106523, 1126899, 1070820, 916122]
2435	[1029743, 1106523, 1070820, 1126899, 1004906]
2436	[1029743, 1106523, 1126899, 1070820, 916122]
2437	[1029743, 1070820, 1106523, 1126899, 1004906]
2438	[1029743, 1070820, 1126899, 1106523, 916122]
2440	[1029743, 1106523, 1070820, 1126899, 916122]
2441	[1029743, 1126899, 1070820, 1106523, 1021519]
2442	[1029743, 1126899, 1106523, 1070820, 916122]
2445	[1029743, 1106523, 1126899, 1070820, 1004906]
2446	[1029743, 1126899, 1106523, 1070820, 1004906]
2447	[1029743, 1106523, 1070820, 1126899, 1004906]
2448	[1029743, 1106523, 1126899, 1070820, 5569230]
2449	[1029743, 1106523, 1126899, 5569230, 916122]
2450	[1029743, 1070820, 1106523, 1126899, 916122]
2451	[1029743, 1126899, 1070820, 1106523, 5569230]
2452	[1029743, 1106523, 1070820, 1126899, 916122]
2453	[1029743, 1070820, 1106523, 1126899, 1004906]
2454	[1029743, 1106523, 1126899, 1070820, 916122]
2455	[1029743, 1106523, 1126899, 1070820, 5569230]
2456	[1029743, 1126899, 1106523, 1070820, 1065979]
2457	[1029743, 1106523, 1126899, 1070820, 916122]
2458	[1029743, 1070820, 1126899, 1106523, 916122]
2459	[1029743, 1106523, 1070820, 1126899, 5569230]
2460	[1029743, 1070820, 1106523, 1126899, 916122]
2461	[1029743, 1070820, 1126899, 1106523, 1021519]
2462	[1029743, 1070820, 1126899, 1106523, 916122]
2465	[1029743, 1106523, 1070820, 1126899, 892573]
2466	[1029743, 1106523, 1126899, 1070820, 5569230]
2467	[1029743, 1126899, 1106523, 5569230, 916122]
2468	[1029743, 1106523, 1126899, 1070820, 916122]
2470	[1029743, 1126899, 1070820, 1106523, 1044078]
2471	[1029743, 1106523, 1126899, 1070820, 916122]
2472	[1029743, 1106523, 1126899, 1070820, 916122]
2473	[1029743, 1106523, 1126899, 1070820, 916122]
2474	[1029743, 1070820, 1106523, 1126899, 916122]
2475	[1029743, 1070820, 1106523, 1126899, 936830]
2477	[1029743, 1126899, 1106523, 1070820, 916122]
2478	[1029743, 1106523, 1126899, 1070820, 916122]
2479	[1029743, 1106523, 5569230, 916122, 844179]
2481	[1029743, 1106523, 1070820, 1126899, 5569230]
2482	[1029743, 1106523, 1070820, 1126899, 7409622]
2483	[1029743, 1070820, 1106523, 1126899, 5569230]
2484	[1029743, 1106523, 1070820, 1126899, 916122]
2485	[1029743, 1106523, 1126899, 1070820, 916122]
2486	[1029743, 1106523, 1126899, 1070820, 1004906]
2488	[1029743, 1126899, 1070820, 1106523, 1004906]
2490	[1029743, 1106523, 1126899, 1070820, 916122]
2492	[1029743, 1106523, 1126899, 1070820, 1028891]
2494	[1029743, 1070820, 1106523, 1126899, 1004906]
2496	[1029743, 1106523, 1126899, 1070820, 1004906]
2497	[1029743, 1106523, 1070820, 1126899, 1004906]
2498	[1029743, 1126899, 1070820, 1106523, 5569230]
2499	[1029743, 1070820, 1106523, 1126899, 1004906]
2500	[1029743, 1126899, 1106523, 1070820, 1063739]
